ISO-10303-21;
HEADER;
FILE_DESCRIPTION(('Open CASCADE Model'),'2;1');
FILE_NAME('Open CASCADE Shape Model','2026-03-13T14:46:07',('Author'),(
    'Open CASCADE'),'Open CASCADE STEP processor 7.8','Open CASCADE 7.8'
  ,'Unknown');
FILE_SCHEMA(('AUTOMOTIVE_DESIGN { 1 0 10303 214 1 1 1 1 }'));
ENDSEC;
DATA;
#1 = APPLICATION_PROTOCOL_DEFINITION('international standard',
  'automotive_design',2000,#2);
#2 = APPLICATION_CONTEXT(
  'core data for automotive mechanical design processes');
#3 = SHAPE_DEFINITION_REPRESENTATION(#4,#10);
#4 = PRODUCT_DEFINITION_SHAPE('','',#5);
#5 = PRODUCT_DEFINITION('design','',#6,#9);
#6 = PRODUCT_DEFINITION_FORMATION('','',#7);
#7 = PRODUCT('Open CASCADE STEP translator 7.8 5',
  'Open CASCADE STEP translator 7.8 5','',(#8));
#8 = PRODUCT_CONTEXT('',#2,'mechanical');
#9 = PRODUCT_DEFINITION_CONTEXT('part definition',#2,'design');
#10 = ADVANCED_BREP_SHAPE_REPRESENTATION('',(#11,#15),#3624);
#11 = AXIS2_PLACEMENT_3D('',#12,#13,#14);
#12 = CARTESIAN_POINT('',(0.,0.,0.));
#13 = DIRECTION('',(0.,0.,1.));
#14 = DIRECTION('',(1.,0.,-0.));
#15 = MANIFOLD_SOLID_BREP('',#16);
#16 = CLOSED_SHELL('',(#17,#137,#1015,#1069,#1119,#1408,#1435,#1462,
    #1489,#1516,#1523,#1811,#1996,#2254,#2409,#2496,#2657,#2739,#2885,
    #2961,#3016,#3067,#3116,#3167,#3216,#3267,#3294,#3298,#3325,#3352,
    #3400,#3457,#3488,#3515,#3519,#3550,#3581,#3592));
#17 = ADVANCED_FACE('',(#18),#32,.F.);
#18 = FACE_BOUND('',#19,.F.);
#19 = EDGE_LOOP('',(#20,#55,#83,#111));
#20 = ORIENTED_EDGE('',*,*,#21,.F.);
#21 = EDGE_CURVE('',#22,#24,#26,.T.);
#22 = VERTEX_POINT('',#23);
#23 = CARTESIAN_POINT('',(-3.5,-8.,0.));
#24 = VERTEX_POINT('',#25);
#25 = CARTESIAN_POINT('',(3.5,-8.,0.));
#26 = SURFACE_CURVE('',#27,(#31,#43),.PCURVE_S1.);
#27 = LINE('',#28,#29);
#28 = CARTESIAN_POINT('',(-4.,-8.,0.));
#29 = VECTOR('',#30,1.);
#30 = DIRECTION('',(1.,0.,0.));
#31 = PCURVE('',#32,#37);
#32 = PLANE('',#33);
#33 = AXIS2_PLACEMENT_3D('',#34,#35,#36);
#34 = CARTESIAN_POINT('',(-4.,-8.,0.));
#35 = DIRECTION('',(0.,1.,0.));
#36 = DIRECTION('',(1.,0.,0.));
#37 = DEFINITIONAL_REPRESENTATION('',(#38),#42);
#38 = LINE('',#39,#40);
#39 = CARTESIAN_POINT('',(0.,0.));
#40 = VECTOR('',#41,1.);
#41 = DIRECTION('',(1.,0.));
#42 = ( GEOMETRIC_REPRESENTATION_CONTEXT(2) 
PARAMETRIC_REPRESENTATION_CONTEXT() REPRESENTATION_CONTEXT('2D SPACE',''
  ) );
#43 = PCURVE('',#44,#49);
#44 = PLANE('',#45);
#45 = AXIS2_PLACEMENT_3D('',#46,#47,#48);
#46 = CARTESIAN_POINT('',(0.,0.,0.));
#47 = DIRECTION('',(0.,0.,1.));
#48 = DIRECTION('',(1.,0.,-0.));
#49 = DEFINITIONAL_REPRESENTATION('',(#50),#54);
#50 = LINE('',#51,#52);
#51 = CARTESIAN_POINT('',(-4.,-8.));
#52 = VECTOR('',#53,1.);
#53 = DIRECTION('',(1.,0.));
#54 = ( GEOMETRIC_REPRESENTATION_CONTEXT(2) 
PARAMETRIC_REPRESENTATION_CONTEXT() REPRESENTATION_CONTEXT('2D SPACE',''
  ) );
#55 = ORIENTED_EDGE('',*,*,#56,.T.);
#56 = EDGE_CURVE('',#22,#57,#59,.T.);
#57 = VERTEX_POINT('',#58);
#58 = CARTESIAN_POINT('',(-3.5,-8.,55.));
#59 = SURFACE_CURVE('',#60,(#64,#71),.PCURVE_S1.);
#60 = LINE('',#61,#62);
#61 = CARTESIAN_POINT('',(-3.5,-8.,0.));
#62 = VECTOR('',#63,1.);
#63 = DIRECTION('',(0.,0.,1.));
#64 = PCURVE('',#32,#65);
#65 = DEFINITIONAL_REPRESENTATION('',(#66),#70);
#66 = LINE('',#67,#68);
#67 = CARTESIAN_POINT('',(0.5,0.));
#68 = VECTOR('',#69,1.);
#69 = DIRECTION('',(0.,-1.));
#70 = ( GEOMETRIC_REPRESENTATION_CONTEXT(2) 
PARAMETRIC_REPRESENTATION_CONTEXT() REPRESENTATION_CONTEXT('2D SPACE',''
  ) );
#71 = PCURVE('',#72,#77);
#72 = CYLINDRICAL_SURFACE('',#73,0.5);
#73 = AXIS2_PLACEMENT_3D('',#74,#75,#76);
#74 = CARTESIAN_POINT('',(-3.5,-7.5,0.));
#75 = DIRECTION('',(0.,0.,1.));
#76 = DIRECTION('',(0.,-1.,0.));
#77 = DEFINITIONAL_REPRESENTATION('',(#78),#82);
#78 = LINE('',#79,#80);
#79 = CARTESIAN_POINT('',(-0.,0.));
#80 = VECTOR('',#81,1.);
#81 = DIRECTION('',(-0.,1.));
#82 = ( GEOMETRIC_REPRESENTATION_CONTEXT(2) 
PARAMETRIC_REPRESENTATION_CONTEXT() REPRESENTATION_CONTEXT('2D SPACE',''
  ) );
#83 = ORIENTED_EDGE('',*,*,#84,.T.);
#84 = EDGE_CURVE('',#57,#85,#87,.T.);
#85 = VERTEX_POINT('',#86);
#86 = CARTESIAN_POINT('',(3.5,-8.,55.));
#87 = SURFACE_CURVE('',#88,(#92,#99),.PCURVE_S1.);
#88 = LINE('',#89,#90);
#89 = CARTESIAN_POINT('',(-4.,-8.,55.));
#90 = VECTOR('',#91,1.);
#91 = DIRECTION('',(1.,0.,0.));
#92 = PCURVE('',#32,#93);
#93 = DEFINITIONAL_REPRESENTATION('',(#94),#98);
#94 = LINE('',#95,#96);
#95 = CARTESIAN_POINT('',(0.,-55.));
#96 = VECTOR('',#97,1.);
#97 = DIRECTION('',(1.,0.));
#98 = ( GEOMETRIC_REPRESENTATION_CONTEXT(2) 
PARAMETRIC_REPRESENTATION_CONTEXT() REPRESENTATION_CONTEXT('2D SPACE',''
  ) );
#99 = PCURVE('',#100,#105);
#100 = PLANE('',#101);
#101 = AXIS2_PLACEMENT_3D('',#102,#103,#104);
#102 = CARTESIAN_POINT('',(0.,0.,55.));
#103 = DIRECTION('',(0.,0.,1.));
#104 = DIRECTION('',(1.,0.,-0.));
#105 = DEFINITIONAL_REPRESENTATION('',(#106),#110);
#106 = LINE('',#107,#108);
#107 = CARTESIAN_POINT('',(-4.,-8.));
#108 = VECTOR('',#109,1.);
#109 = DIRECTION('',(1.,0.));
#110 = ( GEOMETRIC_REPRESENTATION_CONTEXT(2) 
PARAMETRIC_REPRESENTATION_CONTEXT() REPRESENTATION_CONTEXT('2D SPACE',''
  ) );
#111 = ORIENTED_EDGE('',*,*,#112,.F.);
#112 = EDGE_CURVE('',#24,#85,#113,.T.);
#113 = SURFACE_CURVE('',#114,(#118,#125),.PCURVE_S1.);
#114 = LINE('',#115,#116);
#115 = CARTESIAN_POINT('',(3.5,-8.,0.));
#116 = VECTOR('',#117,1.);
#117 = DIRECTION('',(0.,0.,1.));
#118 = PCURVE('',#32,#119);
#119 = DEFINITIONAL_REPRESENTATION('',(#120),#124);
#120 = LINE('',#121,#122);
#121 = CARTESIAN_POINT('',(7.5,0.));
#122 = VECTOR('',#123,1.);
#123 = DIRECTION('',(0.,-1.));
#124 = ( GEOMETRIC_REPRESENTATION_CONTEXT(2) 
PARAMETRIC_REPRESENTATION_CONTEXT() REPRESENTATION_CONTEXT('2D SPACE',''
  ) );
#125 = PCURVE('',#126,#131);
#126 = CYLINDRICAL_SURFACE('',#127,0.5);
#127 = AXIS2_PLACEMENT_3D('',#128,#129,#130);
#128 = CARTESIAN_POINT('',(3.5,-7.5,0.));
#129 = DIRECTION('',(0.,0.,1.));
#130 = DIRECTION('',(0.,-1.,0.));
#131 = DEFINITIONAL_REPRESENTATION('',(#132),#136);
#132 = LINE('',#133,#134);
#133 = CARTESIAN_POINT('',(0.,0.));
#134 = VECTOR('',#135,1.);
#135 = DIRECTION('',(0.,1.));
#136 = ( GEOMETRIC_REPRESENTATION_CONTEXT(2) 
PARAMETRIC_REPRESENTATION_CONTEXT() REPRESENTATION_CONTEXT('2D SPACE',''
  ) );
#137 = ADVANCED_FACE('',(#138,#337),#44,.F.);
#138 = FACE_BOUND('',#139,.F.);
#139 = EDGE_LOOP('',(#140,#141,#165,#193,#222,#250,#283,#311));
#140 = ORIENTED_EDGE('',*,*,#21,.T.);
#141 = ORIENTED_EDGE('',*,*,#142,.T.);
#142 = EDGE_CURVE('',#24,#143,#145,.T.);
#143 = VERTEX_POINT('',#144);
#144 = CARTESIAN_POINT('',(4.,-7.5,0.));
#145 = SURFACE_CURVE('',#146,(#151,#158),.PCURVE_S1.);
#146 = CIRCLE('',#147,0.5);
#147 = AXIS2_PLACEMENT_3D('',#148,#149,#150);
#148 = CARTESIAN_POINT('',(3.5,-7.5,0.));
#149 = DIRECTION('',(0.,0.,1.));
#150 = DIRECTION('',(0.,-1.,0.));
#151 = PCURVE('',#44,#152);
#152 = DEFINITIONAL_REPRESENTATION('',(#153),#157);
#153 = CIRCLE('',#154,0.5);
#154 = AXIS2_PLACEMENT_2D('',#155,#156);
#155 = CARTESIAN_POINT('',(3.5,-7.5));
#156 = DIRECTION('',(0.,-1.));
#157 = ( GEOMETRIC_REPRESENTATION_CONTEXT(2) 
PARAMETRIC_REPRESENTATION_CONTEXT() REPRESENTATION_CONTEXT('2D SPACE',''
  ) );
#158 = PCURVE('',#126,#159);
#159 = DEFINITIONAL_REPRESENTATION('',(#160),#164);
#160 = LINE('',#161,#162);
#161 = CARTESIAN_POINT('',(0.,0.));
#162 = VECTOR('',#163,1.);
#163 = DIRECTION('',(1.,0.));
#164 = ( GEOMETRIC_REPRESENTATION_CONTEXT(2) 
PARAMETRIC_REPRESENTATION_CONTEXT() REPRESENTATION_CONTEXT('2D SPACE',''
  ) );
#165 = ORIENTED_EDGE('',*,*,#166,.T.);
#166 = EDGE_CURVE('',#143,#167,#169,.T.);
#167 = VERTEX_POINT('',#168);
#168 = CARTESIAN_POINT('',(4.,7.5,0.));
#169 = SURFACE_CURVE('',#170,(#174,#181),.PCURVE_S1.);
#170 = LINE('',#171,#172);
#171 = CARTESIAN_POINT('',(4.,-8.,0.));
#172 = VECTOR('',#173,1.);
#173 = DIRECTION('',(0.,1.,0.));
#174 = PCURVE('',#44,#175);
#175 = DEFINITIONAL_REPRESENTATION('',(#176),#180);
#176 = LINE('',#177,#178);
#177 = CARTESIAN_POINT('',(4.,-8.));
#178 = VECTOR('',#179,1.);
#179 = DIRECTION('',(0.,1.));
#180 = ( GEOMETRIC_REPRESENTATION_CONTEXT(2) 
PARAMETRIC_REPRESENTATION_CONTEXT() REPRESENTATION_CONTEXT('2D SPACE',''
  ) );
#181 = PCURVE('',#182,#187);
#182 = PLANE('',#183);
#183 = AXIS2_PLACEMENT_3D('',#184,#185,#186);
#184 = CARTESIAN_POINT('',(4.,-8.,0.));
#185 = DIRECTION('',(-1.,0.,0.));
#186 = DIRECTION('',(0.,1.,0.));
#187 = DEFINITIONAL_REPRESENTATION('',(#188),#192);
#188 = LINE('',#189,#190);
#189 = CARTESIAN_POINT('',(0.,0.));
#190 = VECTOR('',#191,1.);
#191 = DIRECTION('',(1.,0.));
#192 = ( GEOMETRIC_REPRESENTATION_CONTEXT(2) 
PARAMETRIC_REPRESENTATION_CONTEXT() REPRESENTATION_CONTEXT('2D SPACE',''
  ) );
#193 = ORIENTED_EDGE('',*,*,#194,.T.);
#194 = EDGE_CURVE('',#167,#195,#197,.T.);
#195 = VERTEX_POINT('',#196);
#196 = CARTESIAN_POINT('',(3.5,8.,0.));
#197 = SURFACE_CURVE('',#198,(#203,#210),.PCURVE_S1.);
#198 = CIRCLE('',#199,0.5);
#199 = AXIS2_PLACEMENT_3D('',#200,#201,#202);
#200 = CARTESIAN_POINT('',(3.5,7.5,0.));
#201 = DIRECTION('',(0.,0.,1.));
#202 = DIRECTION('',(0.,-1.,0.));
#203 = PCURVE('',#44,#204);
#204 = DEFINITIONAL_REPRESENTATION('',(#205),#209);
#205 = CIRCLE('',#206,0.5);
#206 = AXIS2_PLACEMENT_2D('',#207,#208);
#207 = CARTESIAN_POINT('',(3.5,7.5));
#208 = DIRECTION('',(0.,-1.));
#209 = ( GEOMETRIC_REPRESENTATION_CONTEXT(2) 
PARAMETRIC_REPRESENTATION_CONTEXT() REPRESENTATION_CONTEXT('2D SPACE',''
  ) );
#210 = PCURVE('',#211,#216);
#211 = CYLINDRICAL_SURFACE('',#212,0.5);
#212 = AXIS2_PLACEMENT_3D('',#213,#214,#215);
#213 = CARTESIAN_POINT('',(3.5,7.5,0.));
#214 = DIRECTION('',(0.,0.,1.));
#215 = DIRECTION('',(1.,0.,-0.));
#216 = DEFINITIONAL_REPRESENTATION('',(#217),#221);
#217 = LINE('',#218,#219);
#218 = CARTESIAN_POINT('',(-1.570796326795,0.));
#219 = VECTOR('',#220,1.);
#220 = DIRECTION('',(1.,0.));
#221 = ( GEOMETRIC_REPRESENTATION_CONTEXT(2) 
PARAMETRIC_REPRESENTATION_CONTEXT() REPRESENTATION_CONTEXT('2D SPACE',''
  ) );
#222 = ORIENTED_EDGE('',*,*,#223,.T.);
#223 = EDGE_CURVE('',#195,#224,#226,.T.);
#224 = VERTEX_POINT('',#225);
#225 = CARTESIAN_POINT('',(-3.5,8.,0.));
#226 = SURFACE_CURVE('',#227,(#231,#238),.PCURVE_S1.);
#227 = LINE('',#228,#229);
#228 = CARTESIAN_POINT('',(4.,8.,0.));
#229 = VECTOR('',#230,1.);
#230 = DIRECTION('',(-1.,0.,0.));
#231 = PCURVE('',#44,#232);
#232 = DEFINITIONAL_REPRESENTATION('',(#233),#237);
#233 = LINE('',#234,#235);
#234 = CARTESIAN_POINT('',(4.,8.));
#235 = VECTOR('',#236,1.);
#236 = DIRECTION('',(-1.,0.));
#237 = ( GEOMETRIC_REPRESENTATION_CONTEXT(2) 
PARAMETRIC_REPRESENTATION_CONTEXT() REPRESENTATION_CONTEXT('2D SPACE',''
  ) );
#238 = PCURVE('',#239,#244);
#239 = PLANE('',#240);
#240 = AXIS2_PLACEMENT_3D('',#241,#242,#243);
#241 = CARTESIAN_POINT('',(4.,8.,0.));
#242 = DIRECTION('',(0.,-1.,0.));
#243 = DIRECTION('',(-1.,0.,0.));
#244 = DEFINITIONAL_REPRESENTATION('',(#245),#249);
#245 = LINE('',#246,#247);
#246 = CARTESIAN_POINT('',(0.,-0.));
#247 = VECTOR('',#248,1.);
#248 = DIRECTION('',(1.,0.));
#249 = ( GEOMETRIC_REPRESENTATION_CONTEXT(2) 
PARAMETRIC_REPRESENTATION_CONTEXT() REPRESENTATION_CONTEXT('2D SPACE',''
  ) );
#250 = ORIENTED_EDGE('',*,*,#251,.F.);
#251 = EDGE_CURVE('',#252,#224,#254,.T.);
#252 = VERTEX_POINT('',#253);
#253 = CARTESIAN_POINT('',(-4.,7.5,0.));
#254 = SURFACE_CURVE('',#255,(#260,#271),.PCURVE_S1.);
#255 = CIRCLE('',#256,0.5);
#256 = AXIS2_PLACEMENT_3D('',#257,#258,#259);
#257 = CARTESIAN_POINT('',(-3.5,7.5,0.));
#258 = DIRECTION('',(-0.,-0.,-1.));
#259 = DIRECTION('',(0.,-1.,0.));
#260 = PCURVE('',#44,#261);
#261 = DEFINITIONAL_REPRESENTATION('',(#262),#270);
#262 = ( BOUNDED_CURVE() B_SPLINE_CURVE(2,(#263,#264,#265,#266,#267,#268
,#269),.UNSPECIFIED.,.T.,.F.) B_SPLINE_CURVE_WITH_KNOTS((1,2,2,2,2,1),(
    -2.094395102393,0.,2.094395102393,4.188790204786,6.28318530718,
8.377580409573),.UNSPECIFIED.) CURVE() GEOMETRIC_REPRESENTATION_ITEM() 
RATIONAL_B_SPLINE_CURVE((1.,0.5,1.,0.5,1.,0.5,1.)) REPRESENTATION_ITEM(
  '') );
#263 = CARTESIAN_POINT('',(-3.5,7.));
#264 = CARTESIAN_POINT('',(-4.366025403784,7.));
#265 = CARTESIAN_POINT('',(-3.933012701892,7.75));
#266 = CARTESIAN_POINT('',(-3.5,8.5));
#267 = CARTESIAN_POINT('',(-3.066987298108,7.75));
#268 = CARTESIAN_POINT('',(-2.633974596216,7.));
#269 = CARTESIAN_POINT('',(-3.5,7.));
#270 = ( GEOMETRIC_REPRESENTATION_CONTEXT(2) 
PARAMETRIC_REPRESENTATION_CONTEXT() REPRESENTATION_CONTEXT('2D SPACE',''
  ) );
#271 = PCURVE('',#272,#277);
#272 = CYLINDRICAL_SURFACE('',#273,0.5);
#273 = AXIS2_PLACEMENT_3D('',#274,#275,#276);
#274 = CARTESIAN_POINT('',(-3.5,7.5,0.));
#275 = DIRECTION('',(0.,0.,1.));
#276 = DIRECTION('',(-1.,0.,0.));
#277 = DEFINITIONAL_REPRESENTATION('',(#278),#282);
#278 = LINE('',#279,#280);
#279 = CARTESIAN_POINT('',(1.570796326795,-0.));
#280 = VECTOR('',#281,1.);
#281 = DIRECTION('',(-1.,0.));
#282 = ( GEOMETRIC_REPRESENTATION_CONTEXT(2) 
PARAMETRIC_REPRESENTATION_CONTEXT() REPRESENTATION_CONTEXT('2D SPACE',''
  ) );
#283 = ORIENTED_EDGE('',*,*,#284,.T.);
#284 = EDGE_CURVE('',#252,#285,#287,.T.);
#285 = VERTEX_POINT('',#286);
#286 = CARTESIAN_POINT('',(-4.,-7.5,0.));
#287 = SURFACE_CURVE('',#288,(#292,#299),.PCURVE_S1.);
#288 = LINE('',#289,#290);
#289 = CARTESIAN_POINT('',(-4.,8.,0.));
#290 = VECTOR('',#291,1.);
#291 = DIRECTION('',(0.,-1.,0.));
#292 = PCURVE('',#44,#293);
#293 = DEFINITIONAL_REPRESENTATION('',(#294),#298);
#294 = LINE('',#295,#296);
#295 = CARTESIAN_POINT('',(-4.,8.));
#296 = VECTOR('',#297,1.);
#297 = DIRECTION('',(0.,-1.));
#298 = ( GEOMETRIC_REPRESENTATION_CONTEXT(2) 
PARAMETRIC_REPRESENTATION_CONTEXT() REPRESENTATION_CONTEXT('2D SPACE',''
  ) );
#299 = PCURVE('',#300,#305);
#300 = PLANE('',#301);
#301 = AXIS2_PLACEMENT_3D('',#302,#303,#304);
#302 = CARTESIAN_POINT('',(-4.,8.,0.));
#303 = DIRECTION('',(1.,0.,-0.));
#304 = DIRECTION('',(0.,-1.,0.));
#305 = DEFINITIONAL_REPRESENTATION('',(#306),#310);
#306 = LINE('',#307,#308);
#307 = CARTESIAN_POINT('',(0.,0.));
#308 = VECTOR('',#309,1.);
#309 = DIRECTION('',(1.,0.));
#310 = ( GEOMETRIC_REPRESENTATION_CONTEXT(2) 
PARAMETRIC_REPRESENTATION_CONTEXT() REPRESENTATION_CONTEXT('2D SPACE',''
  ) );
#311 = ORIENTED_EDGE('',*,*,#312,.F.);
#312 = EDGE_CURVE('',#22,#285,#313,.T.);
#313 = SURFACE_CURVE('',#314,(#319,#330),.PCURVE_S1.);
#314 = CIRCLE('',#315,0.5);
#315 = AXIS2_PLACEMENT_3D('',#316,#317,#318);
#316 = CARTESIAN_POINT('',(-3.5,-7.5,0.));
#317 = DIRECTION('',(-0.,-0.,-1.));
#318 = DIRECTION('',(0.,-1.,0.));
#319 = PCURVE('',#44,#320);
#320 = DEFINITIONAL_REPRESENTATION('',(#321),#329);
#321 = ( BOUNDED_CURVE() B_SPLINE_CURVE(2,(#322,#323,#324,#325,#326,#327
,#328),.UNSPECIFIED.,.T.,.F.) B_SPLINE_CURVE_WITH_KNOTS((1,2,2,2,2,1),(
    -2.094395102393,0.,2.094395102393,4.188790204786,6.28318530718,
8.377580409573),.UNSPECIFIED.) CURVE() GEOMETRIC_REPRESENTATION_ITEM() 
RATIONAL_B_SPLINE_CURVE((1.,0.5,1.,0.5,1.,0.5,1.)) REPRESENTATION_ITEM(
  '') );
#322 = CARTESIAN_POINT('',(-3.5,-8.));
#323 = CARTESIAN_POINT('',(-4.366025403784,-8.));
#324 = CARTESIAN_POINT('',(-3.933012701892,-7.25));
#325 = CARTESIAN_POINT('',(-3.5,-6.5));
#326 = CARTESIAN_POINT('',(-3.066987298108,-7.25));
#327 = CARTESIAN_POINT('',(-2.633974596216,-8.));
#328 = CARTESIAN_POINT('',(-3.5,-8.));
#329 = ( GEOMETRIC_REPRESENTATION_CONTEXT(2) 
PARAMETRIC_REPRESENTATION_CONTEXT() REPRESENTATION_CONTEXT('2D SPACE',''
  ) );
#330 = PCURVE('',#72,#331);
#331 = DEFINITIONAL_REPRESENTATION('',(#332),#336);
#332 = LINE('',#333,#334);
#333 = CARTESIAN_POINT('',(-0.,0.));
#334 = VECTOR('',#335,1.);
#335 = DIRECTION('',(-1.,0.));
#336 = ( GEOMETRIC_REPRESENTATION_CONTEXT(2) 
PARAMETRIC_REPRESENTATION_CONTEXT() REPRESENTATION_CONTEXT('2D SPACE',''
  ) );
#337 = FACE_BOUND('',#338,.F.);
#338 = EDGE_LOOP('',(#339,#510,#679,#848));
#339 = ORIENTED_EDGE('',*,*,#340,.F.);
#340 = EDGE_CURVE('',#341,#343,#345,.T.);
#341 = VERTEX_POINT('',#342);
#342 = CARTESIAN_POINT('',(-2.32,-3.59,0.));
#343 = VERTEX_POINT('',#344);
#344 = CARTESIAN_POINT('',(2.32,-3.59,0.));
#345 = SURFACE_CURVE('',#346,(#350,#357),.PCURVE_S1.);
#346 = LINE('',#347,#348);
#347 = CARTESIAN_POINT('',(-2.32,-3.59,0.));
#348 = VECTOR('',#349,1.);
#349 = DIRECTION('',(1.,0.,0.));
#350 = PCURVE('',#44,#351);
#351 = DEFINITIONAL_REPRESENTATION('',(#352),#356);
#352 = LINE('',#353,#354);
#353 = CARTESIAN_POINT('',(-2.32,-3.59));
#354 = VECTOR('',#355,1.);
#355 = DIRECTION('',(1.,0.));
#356 = ( GEOMETRIC_REPRESENTATION_CONTEXT(2) 
PARAMETRIC_REPRESENTATION_CONTEXT() REPRESENTATION_CONTEXT('2D SPACE',''
  ) );
#357 = PCURVE('',#358,#504);
#358 = B_SPLINE_SURFACE_WITH_KNOTS('',2,10,(
    (#359,#360,#361,#362,#363,#364,#365,#366,#367,#368,#369,#370,#371
      ,#372,#373,#374,#375,#376,#377,#378,#379,#380,#381,#382,#383,#384
      ,#385,#386,#387)
    ,(#388,#389,#390,#391,#392,#393,#394,#395,#396,#397,#398,#399,#400
      ,#401,#402,#403,#404,#405,#406,#407,#408,#409,#410,#411,#412,#413
      ,#414,#415,#416)
    ,(#417,#418,#419,#420,#421,#422,#423,#424,#425,#426,#427,#428,#429
      ,#430,#431,#432,#433,#434,#435,#436,#437,#438,#439,#440,#441,#442
      ,#443,#444,#445)
    ,(#446,#447,#448,#449,#450,#451,#452,#453,#454,#455,#456,#457,#458
      ,#459,#460,#461,#462,#463,#464,#465,#466,#467,#468,#469,#470,#471
      ,#472,#473,#474)
    ,(#475,#476,#477,#478,#479,#480,#481,#482,#483,#484,#485,#486,#487
      ,#488,#489,#490,#491,#492,#493,#494,#495,#496,#497,#498,#499,#500
      ,#501,#502,#503
  )),.UNSPECIFIED.,.F.,.F.,.F.,(3,1,1,3),(11,9,9,11),(-1.956592878239,0.
    ,4.64,8.545073622866),(-1.681795612129,0.,1.,3.254595307367),
  .UNSPECIFIED.);
#359 = CARTESIAN_POINT('',(-8.43262142772,-5.417257937908,
    -1.827257937908));
#360 = CARTESIAN_POINT('',(-8.162552166323,-5.196267449284,
    -1.606267449284));
#361 = CARTESIAN_POINT('',(-7.903139171378,-4.987578018484,
    -1.397578018484));
#362 = CARTESIAN_POINT('',(-7.654320230926,-4.790235591168,
    -1.200235591168));
#363 = CARTESIAN_POINT('',(-7.416123999069,-4.603060907949,
    -1.013060907949));
#364 = CARTESIAN_POINT('',(-7.188688895112,-4.424616311974,
    -0.834616311974));
#365 = CARTESIAN_POINT('',(-6.972274174686,-4.253169185516,
    -0.663169185516));
#366 = CARTESIAN_POINT('',(-6.767255310321,-4.086651298919,
    -0.496651298919));
#367 = CARTESIAN_POINT('',(-6.574092127601,-3.922613799072,
    -0.332613799072));
#368 = CARTESIAN_POINT('',(-6.393253184078,-3.758179561213,
    -0.168179561213));
#369 = CARTESIAN_POINT('',(-6.125073622866,-3.49,1.E-01));
#370 = CARTESIAN_POINT('',(-6.025073622866,-3.39,0.2));
#371 = CARTESIAN_POINT('',(-5.925073622866,-3.29,0.3));
#372 = CARTESIAN_POINT('',(-5.825073622866,-3.19,0.4));
#373 = CARTESIAN_POINT('',(-5.725073622866,-3.09,0.5));
#374 = CARTESIAN_POINT('',(-5.625073622866,-2.99,0.6));
#375 = CARTESIAN_POINT('',(-5.525073622866,-2.89,0.7));
#376 = CARTESIAN_POINT('',(-5.425073622866,-2.79,0.8));
#377 = CARTESIAN_POINT('',(-5.325073622866,-2.69,0.9));
#378 = CARTESIAN_POINT('',(-4.999614092129,-2.364540469263,
    1.225459530737));
#379 = CARTESIAN_POINT('',(-4.774154561392,-2.139080938527,
    1.450919061473));
#380 = CARTESIAN_POINT('',(-4.548695030656,-1.91362140779,1.67637859221)
  );
#381 = CARTESIAN_POINT('',(-4.323235499919,-1.688161877053,
    1.901838122947));
#382 = CARTESIAN_POINT('',(-4.097775969182,-1.462702346317,
    2.127297653683));
#383 = CARTESIAN_POINT('',(3.937830807286,-1.23724281558,2.35275718442)
  );
#384 = CARTESIAN_POINT('',(4.163290338022,-1.011783284843,2.578216715157
    ));
#385 = CARTESIAN_POINT('',(4.388749868759,-0.786323754107,2.803676245893
    ));
#386 = CARTESIAN_POINT('',(4.614209399496,-0.56086422337,3.02913577663)
  );
#387 = CARTESIAN_POINT('',(4.839668930232,-0.335404692633,3.254595307367
    ));
#388 = CARTESIAN_POINT('',(-6.503608367543,-5.630926622637,
    -2.040926622637));
#389 = CARTESIAN_POINT('',(-6.10164341629,-5.390920859323,
    -1.800920859323));
#390 = CARTESIAN_POINT('',(-5.717774855795,-5.158895785131,
    -1.568895785131));
#391 = CARTESIAN_POINT('',(-5.352002686058,-4.934851400061,
    -1.344851400061));
#392 = CARTESIAN_POINT('',(-5.004326907078,-4.718787704114,
    -1.128787704114));
#393 = CARTESIAN_POINT('',(-4.674747518857,-4.510704697289,
    -0.920704697289));
#394 = CARTESIAN_POINT('',(-4.363264521394,-4.310602379586,
    -0.720602379586));
#395 = CARTESIAN_POINT('',(-4.069877914688,-4.118480751006,
    -0.528480751006));
#396 = CARTESIAN_POINT('',(-3.794587698741,-3.934339811548,
    -0.344339811548));
#397 = CARTESIAN_POINT('',(-3.537393873551,-3.758179561213,
    -0.168179561213));
#398 = CARTESIAN_POINT('',(-3.156128489157,-3.49,1.E-01));
#399 = CARTESIAN_POINT('',(-3.013960539195,-3.39,0.2));
#400 = CARTESIAN_POINT('',(-2.871792589233,-3.29,0.3));
#401 = CARTESIAN_POINT('',(-2.729624639271,-3.19,0.4));
#402 = CARTESIAN_POINT('',(-2.587456689309,-3.09,0.5));
#403 = CARTESIAN_POINT('',(-2.445288739347,-2.99,0.6));
#404 = CARTESIAN_POINT('',(-2.303120789385,-2.89,0.7));
#405 = CARTESIAN_POINT('',(-2.160952839423,-2.79,0.8));
#406 = CARTESIAN_POINT('',(-2.018784889461,-2.69,0.9));
#407 = CARTESIAN_POINT('',(-1.556085746657,-2.364540469263,
    1.225459530737));
#408 = CARTESIAN_POINT('',(-1.235554553814,-2.139080938527,
    1.450919061473));
#409 = CARTESIAN_POINT('',(-0.915023360972,-1.91362140779,1.67637859221)
  );
#410 = CARTESIAN_POINT('',(-0.59449216813,-1.688161877053,1.901838122947
    ));
#411 = CARTESIAN_POINT('',(-0.273960975287,-1.462702346317,
    2.127297653683));
#412 = CARTESIAN_POINT('',(4.657021755524E-02,-1.23724281558,
    2.35275718442));
#413 = CARTESIAN_POINT('',(0.367101410398,-1.011783284843,2.578216715157
    ));
#414 = CARTESIAN_POINT('',(0.68763260324,-0.786323754107,2.803676245893)
  );
#415 = CARTESIAN_POINT('',(1.008163796082,-0.56086422337,3.02913577663)
  );
#416 = CARTESIAN_POINT('',(1.328694988925,-0.335404692633,3.254595307367
    ));
#417 = CARTESIAN_POINT('',(0.,-6.351304039761,-2.761304039761));
#418 = CARTESIAN_POINT('',(0.,-5.967222793022,-2.377222793022));
#419 = CARTESIAN_POINT('',(0.,-5.607130622452,-2.017130622452));
#420 = CARTESIAN_POINT('',(0.,-5.271027528052,-1.681027528052));
#421 = CARTESIAN_POINT('',(0.,-4.958913509821,-1.368913509821));
#422 = CARTESIAN_POINT('',(0.,-4.670788567761,-1.080788567761));
#423 = CARTESIAN_POINT('',(0.,-4.406652701869,-0.816652701869));
#424 = CARTESIAN_POINT('',(0.,-4.166505912148,-0.576505912148));
#425 = CARTESIAN_POINT('',(0.,-3.950348198595,-0.360348198595));
#426 = CARTESIAN_POINT('',(0.,-3.758179561213,-0.168179561213));
#427 = CARTESIAN_POINT('',(0.,-3.49,1.E-01));
#428 = CARTESIAN_POINT('',(0.,-3.39,0.2));
#429 = CARTESIAN_POINT('',(0.,-3.29,0.3));
#430 = CARTESIAN_POINT('',(0.,-3.19,0.4));
#431 = CARTESIAN_POINT('',(0.,-3.09,0.5));
#432 = CARTESIAN_POINT('',(0.,-2.99,0.6));
#433 = CARTESIAN_POINT('',(0.,-2.89,0.7));
#434 = CARTESIAN_POINT('',(0.,-2.79,0.8));
#435 = CARTESIAN_POINT('',(0.,-2.69,0.9));
#436 = CARTESIAN_POINT('',(0.,-2.364540469263,1.225459530737));
#437 = CARTESIAN_POINT('',(0.,-2.139080938527,1.450919061473));
#438 = CARTESIAN_POINT('',(0.,-1.91362140779,1.67637859221));
#439 = CARTESIAN_POINT('',(0.,-1.688161877053,1.901838122947));
#440 = CARTESIAN_POINT('',(0.,-1.462702346317,2.127297653683));
#441 = CARTESIAN_POINT('',(0.,-1.23724281558,2.35275718442));
#442 = CARTESIAN_POINT('',(0.,-1.011783284843,2.578216715157));
#443 = CARTESIAN_POINT('',(0.,-0.786323754107,2.803676245893));
#444 = CARTESIAN_POINT('',(0.,-0.56086422337,3.02913577663));
#445 = CARTESIAN_POINT('',(0.,-0.335404692633,3.254595307367));
#446 = CARTESIAN_POINT('',(7.369749596833,-5.271795612129,
    -1.681795612129));
#447 = CARTESIAN_POINT('',(7.060028318293,-5.103616050916,
    -1.513616050916));
#448 = CARTESIAN_POINT('',(6.750307039753,-4.935436489703,
    -1.345436489703));
#449 = CARTESIAN_POINT('',(6.440585761213,-4.76725692849,-1.17725692849)
  );
#450 = CARTESIAN_POINT('',(6.130864482673,-4.599077367278,
    -1.009077367278));
#451 = CARTESIAN_POINT('',(5.821143204133,-4.430897806065,
    -0.840897806065));
#452 = CARTESIAN_POINT('',(5.511421925593,-4.262718244852,
    -0.672718244852));
#453 = CARTESIAN_POINT('',(5.201700647053,-4.094538683639,
    -0.504538683639));
#454 = CARTESIAN_POINT('',(4.891979368513,-3.926359122426,
    -0.336359122426));
#455 = CARTESIAN_POINT('',(4.582258089973,-3.758179561213,
    -0.168179561213));
#456 = CARTESIAN_POINT('',(4.088375741974,-3.49,0.1));
#457 = CARTESIAN_POINT('',(3.904214672516,-3.39,0.2));
#458 = CARTESIAN_POINT('',(3.720053603058,-3.29,0.3));
#459 = CARTESIAN_POINT('',(3.5358925336,-3.19,0.4));
#460 = CARTESIAN_POINT('',(3.351731464141,-3.09,0.5));
#461 = CARTESIAN_POINT('',(3.167570394683,-2.99,0.6));
#462 = CARTESIAN_POINT('',(2.983409325225,-2.89,0.7));
#463 = CARTESIAN_POINT('',(2.799248255766,-2.79,0.8));
#464 = CARTESIAN_POINT('',(2.615087186308,-2.69,0.9));
#465 = CARTESIAN_POINT('',(2.015717433849,-2.364540469263,1.225459530737
    ));
#466 = CARTESIAN_POINT('',(1.600508750849,-2.139080938527,1.450919061473
    ));
#467 = CARTESIAN_POINT('',(1.185300067849,-1.91362140779,1.67637859221)
  );
#468 = CARTESIAN_POINT('',(0.770091384848,-1.688161877053,1.901838122947
    ));
#469 = CARTESIAN_POINT('',(0.354882701848,-1.462702346317,2.127297653683
    ));
#470 = CARTESIAN_POINT('',(-6.032598115235E-02,-1.23724281558,
    2.35275718442));
#471 = CARTESIAN_POINT('',(-0.475534664153,-1.011783284843,
    2.578216715157));
#472 = CARTESIAN_POINT('',(-0.890743347153,-0.786323754107,
    2.803676245893));
#473 = CARTESIAN_POINT('',(-1.305952030153,-0.56086422337,3.02913577663)
  );
#474 = CARTESIAN_POINT('',(-1.721160713154,-0.335404692633,
    3.254595307367));
#475 = CARTESIAN_POINT('',(8.479668930232,-5.844595307367,
    -2.254595307367));
#476 = CARTESIAN_POINT('',(8.196929429972,-5.561855807106,
    -1.971855807106));
#477 = CARTESIAN_POINT('',(7.926918811828,-5.291845188962,
    -1.701845188962));
#478 = CARTESIAN_POINT('',(7.6696370758,-5.034563452935,-1.444563452935)
  );
#479 = CARTESIAN_POINT('',(7.425084221889,-4.790010599023,
    -1.200010599023));
#480 = CARTESIAN_POINT('',(7.193260250094,-4.558186627228,
    -0.968186627228));
#481 = CARTESIAN_POINT('',(6.974165160416,-4.33909153755,-0.74909153755)
  );
#482 = CARTESIAN_POINT('',(6.767798952853,-4.132725329988,
    -0.542725329988));
#483 = CARTESIAN_POINT('',(6.574161627408,-3.939088004542,
    -0.349088004542));
#484 = CARTESIAN_POINT('',(6.393253184078,-3.758179561213,
    -0.168179561213));
#485 = CARTESIAN_POINT('',(6.125073622866,-3.49,1.E-01));
#486 = CARTESIAN_POINT('',(6.025073622866,-3.39,0.2));
#487 = CARTESIAN_POINT('',(5.925073622866,-3.29,0.3));
#488 = CARTESIAN_POINT('',(5.825073622866,-3.19,0.4));
#489 = CARTESIAN_POINT('',(5.725073622866,-3.09,0.5));
#490 = CARTESIAN_POINT('',(5.625073622866,-2.99,0.6));
#491 = CARTESIAN_POINT('',(5.525073622866,-2.89,0.7));
#492 = CARTESIAN_POINT('',(5.425073622866,-2.79,0.8));
#493 = CARTESIAN_POINT('',(5.325073622866,-2.69,0.9));
#494 = CARTESIAN_POINT('',(4.999614092129,-2.364540469263,1.225459530737
    ));
#495 = CARTESIAN_POINT('',(4.774154561392,-2.139080938527,1.450919061473
    ));
#496 = CARTESIAN_POINT('',(4.548695030656,-1.91362140779,1.67637859221)
  );
#497 = CARTESIAN_POINT('',(3.765367839509,-1.688161877053,1.901838122947
    ));
#498 = CARTESIAN_POINT('',(2.052261214348,-1.462702346317,2.127297653683
    ));
#499 = CARTESIAN_POINT('',(-0.404668958026,-1.23724281558,2.35275718442)
  );
#500 = CARTESIAN_POINT('',(-2.8615991304,-1.011783284843,2.578216715157)
  );
#501 = CARTESIAN_POINT('',(-4.388749868759,-0.786323754107,
    2.803676245893));
#502 = CARTESIAN_POINT('',(-4.614209399496,-0.56086422337,3.02913577663)
  );
#503 = CARTESIAN_POINT('',(-4.839668930232,-0.335404692633,
    3.254595307367));
#504 = DEFINITIONAL_REPRESENTATION('',(#505),#509);
#505 = LINE('',#506,#507);
#506 = CARTESIAN_POINT('',(0.,0.));
#507 = VECTOR('',#508,1.);
#508 = DIRECTION('',(1.,0.));
#509 = ( GEOMETRIC_REPRESENTATION_CONTEXT(2) 
PARAMETRIC_REPRESENTATION_CONTEXT() REPRESENTATION_CONTEXT('2D SPACE',''
  ) );
#510 = ORIENTED_EDGE('',*,*,#511,.F.);
#511 = EDGE_CURVE('',#512,#341,#514,.T.);
#512 = VERTEX_POINT('',#513);
#513 = CARTESIAN_POINT('',(-2.32,3.59,0.));
#514 = SURFACE_CURVE('',#515,(#519,#526),.PCURVE_S1.);
#515 = LINE('',#516,#517);
#516 = CARTESIAN_POINT('',(-2.32,3.59,0.));
#517 = VECTOR('',#518,1.);
#518 = DIRECTION('',(0.,-1.,0.));
#519 = PCURVE('',#44,#520);
#520 = DEFINITIONAL_REPRESENTATION('',(#521),#525);
#521 = LINE('',#522,#523);
#522 = CARTESIAN_POINT('',(-2.32,3.59));
#523 = VECTOR('',#524,1.);
#524 = DIRECTION('',(0.,-1.));
#525 = ( GEOMETRIC_REPRESENTATION_CONTEXT(2) 
PARAMETRIC_REPRESENTATION_CONTEXT() REPRESENTATION_CONTEXT('2D SPACE',''
  ) );
#526 = PCURVE('',#527,#673);
#527 = B_SPLINE_SURFACE_WITH_KNOTS('',2,10,(
    (#528,#529,#530,#531,#532,#533,#534,#535,#536,#537,#538,#539,#540
      ,#541,#542,#543,#544,#545,#546,#547,#548,#549,#550,#551,#552,#553
      ,#554,#555,#556)
    ,(#557,#558,#559,#560,#561,#562,#563,#564,#565,#566,#567,#568,#569
      ,#570,#571,#572,#573,#574,#575,#576,#577,#578,#579,#580,#581,#582
      ,#583,#584,#585)
    ,(#586,#587,#588,#589,#590,#591,#592,#593,#594,#595,#596,#597,#598
      ,#599,#600,#601,#602,#603,#604,#605,#606,#607,#608,#609,#610,#611
      ,#612,#613,#614)
    ,(#615,#616,#617,#618,#619,#620,#621,#622,#623,#624,#625,#626,#627
      ,#628,#629,#630,#631,#632,#633,#634,#635,#636,#637,#638,#639,#640
      ,#641,#642,#643)
    ,(#644,#645,#646,#647,#648,#649,#650,#651,#652,#653,#654,#655,#656
      ,#657,#658,#659,#660,#661,#662,#663,#664,#665,#666,#667,#668,#669
      ,#670,#671,#672
  )),.UNSPECIFIED.,.F.,.F.,.F.,(3,1,1,3),(11,9,9,11),(-3.099509851339,0.
    ,7.18,13.519747629046),(-2.692143251613,0.,1.,4.660255000224),
  .UNSPECIFIED.);
#528 = CARTESIAN_POINT('',(-5.270023868202,13.509930988501,
    -2.950023868202));
#529 = CARTESIAN_POINT('',(-4.908423520008,13.068393620162,
    -2.588423520008));
#530 = CARTESIAN_POINT('',(-4.568046997874,12.644997844328,
    -2.248046997874));
#531 = CARTESIAN_POINT('',(-4.247324154539,12.239597157158,
    -1.927324154539));
#532 = CARTESIAN_POINT('',(-3.944286887387,11.852195815822,
    -1.624286887387));
#533 = CARTESIAN_POINT('',(-3.656506427014,11.482986055702,
    -1.336506427014));
#534 = CARTESIAN_POINT('',(-3.381024592525,11.132373172478,
    -1.061024592525));
#535 = CARTESIAN_POINT('',(-3.114278136338,10.80097397674,
    -0.794278136338));
#536 = CARTESIAN_POINT('',(-2.852016156283,10.489566860371,
    -0.532016156283));
#537 = CARTESIAN_POINT('',(-2.589214325161,10.198961954208,
    -0.269214325161));
#538 = CARTESIAN_POINT('',(-2.22,9.829747629046,1.E-01));
#539 = CARTESIAN_POINT('',(-2.12,9.729747629046,0.2));
#540 = CARTESIAN_POINT('',(-2.02,9.629747629046,0.3));
#541 = CARTESIAN_POINT('',(-1.92,9.529747629046,0.4));
#542 = CARTESIAN_POINT('',(-1.82,9.429747629046,0.5));
#543 = CARTESIAN_POINT('',(-1.72,9.329747629046,0.6));
#544 = CARTESIAN_POINT('',(-1.62,9.229747629046,0.7));
#545 = CARTESIAN_POINT('',(-1.52,9.129747629046,0.8));
#546 = CARTESIAN_POINT('',(-1.42,9.029747629046,0.9));
#547 = CARTESIAN_POINT('',(-0.953974499978,8.563722129024,1.366025500022
    ));
#548 = CARTESIAN_POINT('',(-0.587948999955,8.197696629002,1.732051000045
    ));
#549 = CARTESIAN_POINT('',(-0.221923499933,7.831671128979,2.098076500067
    ));
#550 = CARTESIAN_POINT('',(0.14410200009,7.465645628957,2.46410200009));
#551 = CARTESIAN_POINT('',(0.510127500112,7.099620128934,2.830127500112)
  );
#552 = CARTESIAN_POINT('',(0.876153000135,6.733594628912,3.196153000135)
  );
#553 = CARTESIAN_POINT('',(1.242178500157,6.367569128889,3.562178500157)
  );
#554 = CARTESIAN_POINT('',(1.608204000179,-6.677951629226,3.928204000179
    ));
#555 = CARTESIAN_POINT('',(1.974229500202,-7.043977129248,4.294229500202
    ));
#556 = CARTESIAN_POINT('',(2.340255000224,-7.410002629271,4.660255000224
    ));
#557 = CARTESIAN_POINT('',(-5.625139434213,10.380092994363,
    -3.305139434213));
#558 = CARTESIAN_POINT('',(-5.233325872532,9.717455924861,
    -2.913325872532));
#559 = CARTESIAN_POINT('',(-4.855134448242,9.085619580388,
    -2.535134448242));
#560 = CARTESIAN_POINT('',(-4.490565161343,8.484583960945,
    -2.170565161343));
#561 = CARTESIAN_POINT('',(-4.139618011835,7.914349066531,
    -1.819618011835));
#562 = CARTESIAN_POINT('',(-3.802292999718,7.374914897147,
    -1.482292999718));
#563 = CARTESIAN_POINT('',(-3.478590124992,6.866281452792,
    -1.158590124992));
#564 = CARTESIAN_POINT('',(-3.168509387657,6.388448733467,
    -0.848509387657));
#565 = CARTESIAN_POINT('',(-2.872050787714,5.941416739172,
    -0.552050787714));
#566 = CARTESIAN_POINT('',(-2.589214325161,5.525185469906,
    -0.269214325161));
#567 = CARTESIAN_POINT('',(-2.22,4.996586264787,1.E-01));
#568 = CARTESIAN_POINT('',(-2.12,4.853417603905,0.2));
#569 = CARTESIAN_POINT('',(-2.02,4.710248943023,0.3));
#570 = CARTESIAN_POINT('',(-1.92,4.567080282141,0.4));
#571 = CARTESIAN_POINT('',(-1.82,4.423911621259,0.5));
#572 = CARTESIAN_POINT('',(-1.72,4.280742960377,0.6));
#573 = CARTESIAN_POINT('',(-1.62,4.137574299494,0.7));
#574 = CARTESIAN_POINT('',(-1.52,3.994405638612,0.8));
#575 = CARTESIAN_POINT('',(-1.42,3.85123697773,0.9));
#576 = CARTESIAN_POINT('',(-0.953974499978,3.184034509979,1.366025500022
    ));
#577 = CARTESIAN_POINT('',(-0.587948999955,2.660000703109,1.732051000045
    ));
#578 = CARTESIAN_POINT('',(-0.221923499933,2.13596689624,2.098076500067)
  );
#579 = CARTESIAN_POINT('',(0.14410200009,1.611933089371,2.46410200009));
#580 = CARTESIAN_POINT('',(0.510127500112,1.087899282501,2.830127500112)
  );
#581 = CARTESIAN_POINT('',(0.876153000135,0.563865475632,3.196153000135)
  );
#582 = CARTESIAN_POINT('',(1.242178500157,3.983166876259E-02,
    3.562178500157));
#583 = CARTESIAN_POINT('',(1.608204000179,-0.484202138107,3.928204000179
    ));
#584 = CARTESIAN_POINT('',(1.974229500202,-1.008235944976,4.294229500202
    ));
#585 = CARTESIAN_POINT('',(2.340255000224,-1.532269751845,4.660255000224
    ));
#586 = CARTESIAN_POINT('',(-6.80287853951,0.,-4.48287853951));
#587 = CARTESIAN_POINT('',(-6.175517156769,0.,-3.855517156769));
#588 = CARTESIAN_POINT('',(-5.587949891538,0.,-3.267949891538));
#589 = CARTESIAN_POINT('',(-5.040176743814,0.,-2.720176743814));
#590 = CARTESIAN_POINT('',(-4.5321977136,0.,-2.2121977136));
#591 = CARTESIAN_POINT('',(-4.064012800895,0.,-1.744012800895));
#592 = CARTESIAN_POINT('',(-3.635622005698,0.,-1.315622005698));
#593 = CARTESIAN_POINT('',(-3.24702532801,0.,-0.92702532801));
#594 = CARTESIAN_POINT('',(-2.898222767831,0.,-0.578222767831));
#595 = CARTESIAN_POINT('',(-2.589214325161,0.,-0.269214325161));
#596 = CARTESIAN_POINT('',(-2.22,0.,0.1));
#597 = CARTESIAN_POINT('',(-2.12,0.,0.2));
#598 = CARTESIAN_POINT('',(-2.02,0.,0.3));
#599 = CARTESIAN_POINT('',(-1.92,0.,0.4));
#600 = CARTESIAN_POINT('',(-1.82,0.,0.5));
#601 = CARTESIAN_POINT('',(-1.72,0.,0.6));
#602 = CARTESIAN_POINT('',(-1.62,0.,0.7));
#603 = CARTESIAN_POINT('',(-1.52,0.,0.8));
#604 = CARTESIAN_POINT('',(-1.42,0.,0.9));
#605 = CARTESIAN_POINT('',(-0.953974499978,0.,1.366025500022));
#606 = CARTESIAN_POINT('',(-0.587948999955,0.,1.732051000045));
#607 = CARTESIAN_POINT('',(-0.221923499933,0.,2.098076500067));
#608 = CARTESIAN_POINT('',(0.14410200009,0.,2.46410200009));
#609 = CARTESIAN_POINT('',(0.510127500112,0.,2.830127500112));
#610 = CARTESIAN_POINT('',(0.876153000135,0.,3.196153000135));
#611 = CARTESIAN_POINT('',(1.242178500157,0.,3.562178500157));
#612 = CARTESIAN_POINT('',(1.608204000179,0.,3.928204000179));
#613 = CARTESIAN_POINT('',(1.974229500202,0.,4.294229500202));
#614 = CARTESIAN_POINT('',(2.340255000224,0.,4.660255000224));
#615 = CARTESIAN_POINT('',(-5.012143251613,-11.82910742776,
    -2.692143251613));
#616 = CARTESIAN_POINT('',(-4.742928926452,-11.32218406643,
    -2.422928926452));
#617 = CARTESIAN_POINT('',(-4.473714601291,-10.81526070511,
    -2.153714601291));
#618 = CARTESIAN_POINT('',(-4.204500276129,-10.30833734379,
    -1.884500276129));
#619 = CARTESIAN_POINT('',(-3.935285950968,-9.801413982466,
    -1.615285950968));
#620 = CARTESIAN_POINT('',(-3.666071625807,-9.294490621142,
    -1.346071625807));
#621 = CARTESIAN_POINT('',(-3.396857300645,-8.787567259819,
    -1.076857300645));
#622 = CARTESIAN_POINT('',(-3.127642975484,-8.280643898495,
    -0.807642975484));
#623 = CARTESIAN_POINT('',(-2.858428650323,-7.773720537171,
    -0.538428650323));
#624 = CARTESIAN_POINT('',(-2.589214325161,-7.266797175847,
    -0.269214325161));
#625 = CARTESIAN_POINT('',(-2.22,-6.571576493784,0.1));
#626 = CARTESIAN_POINT('',(-2.12,-6.383279173046,0.2));
#627 = CARTESIAN_POINT('',(-2.02,-6.194981852307,0.3));
#628 = CARTESIAN_POINT('',(-1.92,-6.006684531568,0.4));
#629 = CARTESIAN_POINT('',(-1.82,-5.818387210829,0.5));
#630 = CARTESIAN_POINT('',(-1.72,-5.63008989009,0.6));
#631 = CARTESIAN_POINT('',(-1.62,-5.441792569352,0.7));
#632 = CARTESIAN_POINT('',(-1.52,-5.253495248613,0.8));
#633 = CARTESIAN_POINT('',(-1.42,-5.065197927874,0.9));
#634 = CARTESIAN_POINT('',(-0.953974499978,-4.187684397372,
    1.366025500022));
#635 = CARTESIAN_POINT('',(-0.587948999955,-3.498468187609,
    1.732051000045));
#636 = CARTESIAN_POINT('',(-0.221923499933,-2.809251977846,
    2.098076500067));
#637 = CARTESIAN_POINT('',(0.14410200009,-2.120035768083,2.46410200009)
  );
#638 = CARTESIAN_POINT('',(0.510127500112,-1.43081955832,2.830127500112)
  );
#639 = CARTESIAN_POINT('',(0.876153000135,-0.741603348557,3.196153000135
    ));
#640 = CARTESIAN_POINT('',(1.242178500157,-5.238713879376E-02,
    3.562178500157));
#641 = CARTESIAN_POINT('',(1.608204000179,0.636829070969,3.928204000179)
  );
#642 = CARTESIAN_POINT('',(1.974229500202,1.326045280732,4.294229500202)
  );
#643 = CARTESIAN_POINT('',(2.340255000224,2.015261490495,4.660255000224)
  );
#644 = CARTESIAN_POINT('',(-5.980255000224,-13.59000262927,
    -3.660255000224));
#645 = CARTESIAN_POINT('',(-5.517418325341,-13.12716595438,
    -3.197418325341));
#646 = CARTESIAN_POINT('',(-5.076095244871,-12.68584287391,
    -2.756095244871));
#647 = CARTESIAN_POINT('',(-4.656285758814,-12.26603338786,
    -2.336285758814));
#648 = CARTESIAN_POINT('',(-4.257989867172,-11.86773749621,
    -1.937989867172));
#649 = CARTESIAN_POINT('',(-3.881207569942,-11.49095519898,
    -1.561207569942));
#650 = CARTESIAN_POINT('',(-3.525938867127,-11.13568649617,
    -1.205938867127));
#651 = CARTESIAN_POINT('',(-3.192183758725,-10.80193138777,
    -0.872183758725));
#652 = CARTESIAN_POINT('',(-2.879942244736,-10.48968987378,
    -0.559942244736));
#653 = CARTESIAN_POINT('',(-2.589214325161,-10.1989619542,
    -0.269214325161));
#654 = CARTESIAN_POINT('',(-2.22,-9.829747629046,0.1));
#655 = CARTESIAN_POINT('',(-2.12,-9.729747629046,0.2));
#656 = CARTESIAN_POINT('',(-2.02,-9.629747629046,0.3));
#657 = CARTESIAN_POINT('',(-1.92,-9.529747629046,0.4));
#658 = CARTESIAN_POINT('',(-1.82,-9.429747629046,0.5));
#659 = CARTESIAN_POINT('',(-1.72,-9.329747629046,0.6));
#660 = CARTESIAN_POINT('',(-1.62,-9.229747629046,0.7));
#661 = CARTESIAN_POINT('',(-1.52,-9.129747629046,0.8));
#662 = CARTESIAN_POINT('',(-1.42,-9.029747629046,0.9));
#663 = CARTESIAN_POINT('',(-0.953974499978,-8.563722129024,
    1.366025500022));
#664 = CARTESIAN_POINT('',(-0.587948999955,-8.197696629002,
    1.732051000045));
#665 = CARTESIAN_POINT('',(-0.221923499933,-7.831671128979,
    2.098076500067));
#666 = CARTESIAN_POINT('',(0.14410200009,-7.465645628957,2.46410200009)
  );
#667 = CARTESIAN_POINT('',(0.510127500112,-6.797727384694,2.830127500112
    ));
#668 = CARTESIAN_POINT('',(0.876153000135,-5.22413090771,3.196153000135)
  );
#669 = CARTESIAN_POINT('',(1.242178500157,-2.141070709525,3.562178500157
    ));
#670 = CARTESIAN_POINT('',(1.608204000179,2.451453209862,3.928204000179)
  );
#671 = CARTESIAN_POINT('',(1.974229500202,7.043977129248,4.294229500202)
  );
#672 = CARTESIAN_POINT('',(2.340255000224,7.410002629271,4.660255000224)
  );
#673 = DEFINITIONAL_REPRESENTATION('',(#674),#678);
#674 = LINE('',#675,#676);
#675 = CARTESIAN_POINT('',(0.,0.));
#676 = VECTOR('',#677,1.);
#677 = DIRECTION('',(1.,0.));
#678 = ( GEOMETRIC_REPRESENTATION_CONTEXT(2) 
PARAMETRIC_REPRESENTATION_CONTEXT() REPRESENTATION_CONTEXT('2D SPACE',''
  ) );
#679 = ORIENTED_EDGE('',*,*,#680,.F.);
#680 = EDGE_CURVE('',#681,#512,#683,.T.);
#681 = VERTEX_POINT('',#682);
#682 = CARTESIAN_POINT('',(2.32,3.59,0.));
#683 = SURFACE_CURVE('',#684,(#688,#695),.PCURVE_S1.);
#684 = LINE('',#685,#686);
#685 = CARTESIAN_POINT('',(2.32,3.59,0.));
#686 = VECTOR('',#687,1.);
#687 = DIRECTION('',(-1.,0.,0.));
#688 = PCURVE('',#44,#689);
#689 = DEFINITIONAL_REPRESENTATION('',(#690),#694);
#690 = LINE('',#691,#692);
#691 = CARTESIAN_POINT('',(2.32,3.59));
#692 = VECTOR('',#693,1.);
#693 = DIRECTION('',(-1.,0.));
#694 = ( GEOMETRIC_REPRESENTATION_CONTEXT(2) 
PARAMETRIC_REPRESENTATION_CONTEXT() REPRESENTATION_CONTEXT('2D SPACE',''
  ) );
#695 = PCURVE('',#696,#842);
#696 = B_SPLINE_SURFACE_WITH_KNOTS('',2,10,(
    (#697,#698,#699,#700,#701,#702,#703,#704,#705,#706,#707,#708,#709
      ,#710,#711,#712,#713,#714,#715,#716,#717,#718,#719,#720,#721,#722
      ,#723,#724,#725)
    ,(#726,#727,#728,#729,#730,#731,#732,#733,#734,#735,#736,#737,#738
      ,#739,#740,#741,#742,#743,#744,#745,#746,#747,#748,#749,#750,#751
      ,#752,#753,#754)
    ,(#755,#756,#757,#758,#759,#760,#761,#762,#763,#764,#765,#766,#767
      ,#768,#769,#770,#771,#772,#773,#774,#775,#776,#777,#778,#779,#780
      ,#781,#782,#783)
    ,(#784,#785,#786,#787,#788,#789,#790,#791,#792,#793,#794,#795,#796
      ,#797,#798,#799,#800,#801,#802,#803,#804,#805,#806,#807,#808,#809
      ,#810,#811,#812)
    ,(#813,#814,#815,#816,#817,#818,#819,#820,#821,#822,#823,#824,#825
      ,#826,#827,#828,#829,#830,#831,#832,#833,#834,#835,#836,#837,#838
      ,#839,#840,#841
  )),.UNSPECIFIED.,.F.,.F.,.F.,(3,1,1,3),(11,9,9,11),(-1.956592878239,0.
    ,4.64,8.545073622866),(-1.681795612129,0.,1.,3.254595307367),
  .UNSPECIFIED.);
#697 = CARTESIAN_POINT('',(8.43262142772,5.417257937908,-1.827257937908)
  );
#698 = CARTESIAN_POINT('',(8.162552166323,5.196267449284,-1.606267449284
    ));
#699 = CARTESIAN_POINT('',(7.903139171378,4.987578018484,-1.397578018484
    ));
#700 = CARTESIAN_POINT('',(7.654320230926,4.790235591168,-1.200235591168
    ));
#701 = CARTESIAN_POINT('',(7.416123999069,4.603060907949,-1.013060907949
    ));
#702 = CARTESIAN_POINT('',(7.188688895112,4.424616311974,-0.834616311974
    ));
#703 = CARTESIAN_POINT('',(6.972274174686,4.253169185516,-0.663169185516
    ));
#704 = CARTESIAN_POINT('',(6.767255310321,4.086651298919,-0.496651298919
    ));
#705 = CARTESIAN_POINT('',(6.574092127601,3.922613799072,-0.332613799072
    ));
#706 = CARTESIAN_POINT('',(6.393253184078,3.758179561213,-0.168179561213
    ));
#707 = CARTESIAN_POINT('',(6.125073622866,3.49,1.E-01));
#708 = CARTESIAN_POINT('',(6.025073622866,3.39,0.2));
#709 = CARTESIAN_POINT('',(5.925073622866,3.29,0.3));
#710 = CARTESIAN_POINT('',(5.825073622866,3.19,0.4));
#711 = CARTESIAN_POINT('',(5.725073622866,3.09,0.5));
#712 = CARTESIAN_POINT('',(5.625073622866,2.99,0.6));
#713 = CARTESIAN_POINT('',(5.525073622866,2.89,0.7));
#714 = CARTESIAN_POINT('',(5.425073622866,2.79,0.8));
#715 = CARTESIAN_POINT('',(5.325073622866,2.69,0.9));
#716 = CARTESIAN_POINT('',(4.999614092129,2.364540469263,1.225459530737)
  );
#717 = CARTESIAN_POINT('',(4.774154561392,2.139080938527,1.450919061473)
  );
#718 = CARTESIAN_POINT('',(4.548695030656,1.91362140779,1.67637859221));
#719 = CARTESIAN_POINT('',(4.323235499919,1.688161877053,1.901838122947)
  );
#720 = CARTESIAN_POINT('',(4.097775969182,1.462702346317,2.127297653683)
  );
#721 = CARTESIAN_POINT('',(-3.937830807286,1.23724281558,2.35275718442)
  );
#722 = CARTESIAN_POINT('',(-4.163290338022,1.011783284843,2.578216715157
    ));
#723 = CARTESIAN_POINT('',(-4.388749868759,0.786323754107,2.803676245893
    ));
#724 = CARTESIAN_POINT('',(-4.614209399496,0.56086422337,3.02913577663)
  );
#725 = CARTESIAN_POINT('',(-4.839668930232,0.335404692633,3.254595307367
    ));
#726 = CARTESIAN_POINT('',(6.503608367543,5.630926622637,-2.040926622637
    ));
#727 = CARTESIAN_POINT('',(6.10164341629,5.390920859323,-1.800920859323)
  );
#728 = CARTESIAN_POINT('',(5.717774855795,5.158895785131,-1.568895785131
    ));
#729 = CARTESIAN_POINT('',(5.352002686058,4.934851400061,-1.344851400061
    ));
#730 = CARTESIAN_POINT('',(5.004326907078,4.718787704114,-1.128787704114
    ));
#731 = CARTESIAN_POINT('',(4.674747518857,4.510704697289,-0.920704697289
    ));
#732 = CARTESIAN_POINT('',(4.363264521394,4.310602379586,-0.720602379586
    ));
#733 = CARTESIAN_POINT('',(4.069877914688,4.118480751006,-0.528480751006
    ));
#734 = CARTESIAN_POINT('',(3.794587698741,3.934339811548,-0.344339811548
    ));
#735 = CARTESIAN_POINT('',(3.537393873551,3.758179561213,-0.168179561213
    ));
#736 = CARTESIAN_POINT('',(3.156128489157,3.49,1.E-01));
#737 = CARTESIAN_POINT('',(3.013960539195,3.39,0.2));
#738 = CARTESIAN_POINT('',(2.871792589233,3.29,0.3));
#739 = CARTESIAN_POINT('',(2.729624639271,3.19,0.4));
#740 = CARTESIAN_POINT('',(2.587456689309,3.09,0.5));
#741 = CARTESIAN_POINT('',(2.445288739347,2.99,0.6));
#742 = CARTESIAN_POINT('',(2.303120789385,2.89,0.7));
#743 = CARTESIAN_POINT('',(2.160952839423,2.79,0.8));
#744 = CARTESIAN_POINT('',(2.018784889461,2.69,0.9));
#745 = CARTESIAN_POINT('',(1.556085746657,2.364540469263,1.225459530737)
  );
#746 = CARTESIAN_POINT('',(1.235554553814,2.139080938527,1.450919061473)
  );
#747 = CARTESIAN_POINT('',(0.915023360972,1.91362140779,1.67637859221));
#748 = CARTESIAN_POINT('',(0.59449216813,1.688161877053,1.901838122947)
  );
#749 = CARTESIAN_POINT('',(0.273960975287,1.462702346317,2.127297653683)
  );
#750 = CARTESIAN_POINT('',(-4.657021755524E-02,1.23724281558,
    2.35275718442));
#751 = CARTESIAN_POINT('',(-0.367101410398,1.011783284843,2.578216715157
    ));
#752 = CARTESIAN_POINT('',(-0.68763260324,0.786323754107,2.803676245893)
  );
#753 = CARTESIAN_POINT('',(-1.008163796082,0.56086422337,3.02913577663)
  );
#754 = CARTESIAN_POINT('',(-1.328694988925,0.335404692633,3.254595307367
    ));
#755 = CARTESIAN_POINT('',(0.,6.351304039761,-2.761304039761));
#756 = CARTESIAN_POINT('',(0.,5.967222793022,-2.377222793022));
#757 = CARTESIAN_POINT('',(0.,5.607130622452,-2.017130622452));
#758 = CARTESIAN_POINT('',(0.,5.271027528052,-1.681027528052));
#759 = CARTESIAN_POINT('',(0.,4.958913509821,-1.368913509821));
#760 = CARTESIAN_POINT('',(0.,4.670788567761,-1.080788567761));
#761 = CARTESIAN_POINT('',(0.,4.406652701869,-0.816652701869));
#762 = CARTESIAN_POINT('',(0.,4.166505912148,-0.576505912148));
#763 = CARTESIAN_POINT('',(0.,3.950348198595,-0.360348198595));
#764 = CARTESIAN_POINT('',(0.,3.758179561213,-0.168179561213));
#765 = CARTESIAN_POINT('',(0.,3.49,1.E-01));
#766 = CARTESIAN_POINT('',(0.,3.39,0.2));
#767 = CARTESIAN_POINT('',(0.,3.29,0.3));
#768 = CARTESIAN_POINT('',(0.,3.19,0.4));
#769 = CARTESIAN_POINT('',(0.,3.09,0.5));
#770 = CARTESIAN_POINT('',(0.,2.99,0.6));
#771 = CARTESIAN_POINT('',(0.,2.89,0.7));
#772 = CARTESIAN_POINT('',(0.,2.79,0.8));
#773 = CARTESIAN_POINT('',(0.,2.69,0.9));
#774 = CARTESIAN_POINT('',(0.,2.364540469263,1.225459530737));
#775 = CARTESIAN_POINT('',(0.,2.139080938527,1.450919061473));
#776 = CARTESIAN_POINT('',(0.,1.91362140779,1.67637859221));
#777 = CARTESIAN_POINT('',(0.,1.688161877053,1.901838122947));
#778 = CARTESIAN_POINT('',(0.,1.462702346317,2.127297653683));
#779 = CARTESIAN_POINT('',(0.,1.23724281558,2.35275718442));
#780 = CARTESIAN_POINT('',(0.,1.011783284843,2.578216715157));
#781 = CARTESIAN_POINT('',(0.,0.786323754107,2.803676245893));
#782 = CARTESIAN_POINT('',(0.,0.56086422337,3.02913577663));
#783 = CARTESIAN_POINT('',(0.,0.335404692633,3.254595307367));
#784 = CARTESIAN_POINT('',(-7.369749596833,5.271795612129,
    -1.681795612129));
#785 = CARTESIAN_POINT('',(-7.060028318293,5.103616050916,
    -1.513616050916));
#786 = CARTESIAN_POINT('',(-6.750307039753,4.935436489703,
    -1.345436489703));
#787 = CARTESIAN_POINT('',(-6.440585761213,4.76725692849,-1.17725692849)
  );
#788 = CARTESIAN_POINT('',(-6.130864482673,4.599077367278,
    -1.009077367278));
#789 = CARTESIAN_POINT('',(-5.821143204133,4.430897806065,
    -0.840897806065));
#790 = CARTESIAN_POINT('',(-5.511421925593,4.262718244852,
    -0.672718244852));
#791 = CARTESIAN_POINT('',(-5.201700647053,4.094538683639,
    -0.504538683639));
#792 = CARTESIAN_POINT('',(-4.891979368513,3.926359122426,
    -0.336359122426));
#793 = CARTESIAN_POINT('',(-4.582258089973,3.758179561213,
    -0.168179561213));
#794 = CARTESIAN_POINT('',(-4.088375741974,3.49,0.1));
#795 = CARTESIAN_POINT('',(-3.904214672516,3.39,0.2));
#796 = CARTESIAN_POINT('',(-3.720053603058,3.29,0.3));
#797 = CARTESIAN_POINT('',(-3.5358925336,3.19,0.4));
#798 = CARTESIAN_POINT('',(-3.351731464141,3.09,0.5));
#799 = CARTESIAN_POINT('',(-3.167570394683,2.99,0.6));
#800 = CARTESIAN_POINT('',(-2.983409325225,2.89,0.7));
#801 = CARTESIAN_POINT('',(-2.799248255766,2.79,0.8));
#802 = CARTESIAN_POINT('',(-2.615087186308,2.69,0.9));
#803 = CARTESIAN_POINT('',(-2.015717433849,2.364540469263,1.225459530737
    ));
#804 = CARTESIAN_POINT('',(-1.600508750849,2.139080938527,1.450919061473
    ));
#805 = CARTESIAN_POINT('',(-1.185300067849,1.91362140779,1.67637859221)
  );
#806 = CARTESIAN_POINT('',(-0.770091384848,1.688161877053,1.901838122947
    ));
#807 = CARTESIAN_POINT('',(-0.354882701848,1.462702346317,2.127297653683
    ));
#808 = CARTESIAN_POINT('',(6.032598115235E-02,1.23724281558,
    2.35275718442));
#809 = CARTESIAN_POINT('',(0.475534664153,1.011783284843,2.578216715157)
  );
#810 = CARTESIAN_POINT('',(0.890743347153,0.786323754107,2.803676245893)
  );
#811 = CARTESIAN_POINT('',(1.305952030153,0.56086422337,3.02913577663));
#812 = CARTESIAN_POINT('',(1.721160713154,0.335404692633,3.254595307367)
  );
#813 = CARTESIAN_POINT('',(-8.479668930232,5.844595307367,
    -2.254595307367));
#814 = CARTESIAN_POINT('',(-8.196929429972,5.561855807106,
    -1.971855807106));
#815 = CARTESIAN_POINT('',(-7.926918811828,5.291845188962,
    -1.701845188962));
#816 = CARTESIAN_POINT('',(-7.6696370758,5.034563452935,-1.444563452935)
  );
#817 = CARTESIAN_POINT('',(-7.425084221889,4.790010599023,
    -1.200010599023));
#818 = CARTESIAN_POINT('',(-7.193260250094,4.558186627228,
    -0.968186627228));
#819 = CARTESIAN_POINT('',(-6.974165160416,4.33909153755,-0.74909153755)
  );
#820 = CARTESIAN_POINT('',(-6.767798952853,4.132725329988,
    -0.542725329988));
#821 = CARTESIAN_POINT('',(-6.574161627408,3.939088004542,
    -0.349088004542));
#822 = CARTESIAN_POINT('',(-6.393253184078,3.758179561213,
    -0.168179561213));
#823 = CARTESIAN_POINT('',(-6.125073622866,3.49,1.E-01));
#824 = CARTESIAN_POINT('',(-6.025073622866,3.39,0.2));
#825 = CARTESIAN_POINT('',(-5.925073622866,3.29,0.3));
#826 = CARTESIAN_POINT('',(-5.825073622866,3.19,0.4));
#827 = CARTESIAN_POINT('',(-5.725073622866,3.09,0.5));
#828 = CARTESIAN_POINT('',(-5.625073622866,2.99,0.6));
#829 = CARTESIAN_POINT('',(-5.525073622866,2.89,0.7));
#830 = CARTESIAN_POINT('',(-5.425073622866,2.79,0.8));
#831 = CARTESIAN_POINT('',(-5.325073622866,2.69,0.9));
#832 = CARTESIAN_POINT('',(-4.999614092129,2.364540469263,1.225459530737
    ));
#833 = CARTESIAN_POINT('',(-4.774154561392,2.139080938527,1.450919061473
    ));
#834 = CARTESIAN_POINT('',(-4.548695030656,1.91362140779,1.67637859221)
  );
#835 = CARTESIAN_POINT('',(-3.765367839509,1.688161877053,1.901838122947
    ));
#836 = CARTESIAN_POINT('',(-2.052261214348,1.462702346317,2.127297653683
    ));
#837 = CARTESIAN_POINT('',(0.404668958026,1.23724281558,2.35275718442));
#838 = CARTESIAN_POINT('',(2.8615991304,1.011783284843,2.578216715157));
#839 = CARTESIAN_POINT('',(4.388749868759,0.786323754107,2.803676245893)
  );
#840 = CARTESIAN_POINT('',(4.614209399496,0.56086422337,3.02913577663));
#841 = CARTESIAN_POINT('',(4.839668930232,0.335404692633,3.254595307367)
  );
#842 = DEFINITIONAL_REPRESENTATION('',(#843),#847);
#843 = LINE('',#844,#845);
#844 = CARTESIAN_POINT('',(0.,0.));
#845 = VECTOR('',#846,1.);
#846 = DIRECTION('',(1.,0.));
#847 = ( GEOMETRIC_REPRESENTATION_CONTEXT(2) 
PARAMETRIC_REPRESENTATION_CONTEXT() REPRESENTATION_CONTEXT('2D SPACE',''
  ) );
#848 = ORIENTED_EDGE('',*,*,#849,.F.);
#849 = EDGE_CURVE('',#343,#681,#850,.T.);
#850 = SURFACE_CURVE('',#851,(#855,#862),.PCURVE_S1.);
#851 = LINE('',#852,#853);
#852 = CARTESIAN_POINT('',(2.32,-3.59,0.));
#853 = VECTOR('',#854,1.);
#854 = DIRECTION('',(0.,1.,0.));
#855 = PCURVE('',#44,#856);
#856 = DEFINITIONAL_REPRESENTATION('',(#857),#861);
#857 = LINE('',#858,#859);
#858 = CARTESIAN_POINT('',(2.32,-3.59));
#859 = VECTOR('',#860,1.);
#860 = DIRECTION('',(0.,1.));
#861 = ( GEOMETRIC_REPRESENTATION_CONTEXT(2) 
PARAMETRIC_REPRESENTATION_CONTEXT() REPRESENTATION_CONTEXT('2D SPACE',''
  ) );
#862 = PCURVE('',#863,#1009);
#863 = B_SPLINE_SURFACE_WITH_KNOTS('',2,10,(
    (#864,#865,#866,#867,#868,#869,#870,#871,#872,#873,#874,#875,#876
      ,#877,#878,#879,#880,#881,#882,#883,#884,#885,#886,#887,#888,#889
      ,#890,#891,#892)
    ,(#893,#894,#895,#896,#897,#898,#899,#900,#901,#902,#903,#904,#905
      ,#906,#907,#908,#909,#910,#911,#912,#913,#914,#915,#916,#917,#918
      ,#919,#920,#921)
    ,(#922,#923,#924,#925,#926,#927,#928,#929,#930,#931,#932,#933,#934
      ,#935,#936,#937,#938,#939,#940,#941,#942,#943,#944,#945,#946,#947
      ,#948,#949,#950)
    ,(#951,#952,#953,#954,#955,#956,#957,#958,#959,#960,#961,#962,#963
      ,#964,#965,#966,#967,#968,#969,#970,#971,#972,#973,#974,#975,#976
      ,#977,#978,#979)
    ,(#980,#981,#982,#983,#984,#985,#986,#987,#988,#989,#990,#991,#992
      ,#993,#994,#995,#996,#997,#998,#999,#1000,#1001,#1002,#1003,#1004
      ,#1005,#1006,#1007,#1008
    )),.UNSPECIFIED.,.F.,.F.,.F.,(3,1,1,3),(11,9,9,11),(-3.099509851339,
    0.,7.18,13.519747629046),(-2.692143251613,0.,1.,4.660255000224),
  .UNSPECIFIED.);
#864 = CARTESIAN_POINT('',(5.270023868202,-13.5099309885,-2.950023868202
    ));
#865 = CARTESIAN_POINT('',(4.908423520008,-13.06839362016,
    -2.588423520008));
#866 = CARTESIAN_POINT('',(4.568046997874,-12.64499784432,
    -2.248046997874));
#867 = CARTESIAN_POINT('',(4.247324154539,-12.23959715715,
    -1.927324154539));
#868 = CARTESIAN_POINT('',(3.944286887387,-11.85219581582,
    -1.624286887387));
#869 = CARTESIAN_POINT('',(3.656506427014,-11.4829860557,-1.336506427014
    ));
#870 = CARTESIAN_POINT('',(3.381024592525,-11.13237317247,
    -1.061024592525));
#871 = CARTESIAN_POINT('',(3.114278136338,-10.80097397674,
    -0.794278136338));
#872 = CARTESIAN_POINT('',(2.852016156283,-10.48956686037,
    -0.532016156283));
#873 = CARTESIAN_POINT('',(2.589214325161,-10.1989619542,-0.269214325161
    ));
#874 = CARTESIAN_POINT('',(2.22,-9.829747629046,1.E-01));
#875 = CARTESIAN_POINT('',(2.12,-9.729747629046,0.2));
#876 = CARTESIAN_POINT('',(2.02,-9.629747629046,0.3));
#877 = CARTESIAN_POINT('',(1.92,-9.529747629046,0.4));
#878 = CARTESIAN_POINT('',(1.82,-9.429747629046,0.5));
#879 = CARTESIAN_POINT('',(1.72,-9.329747629046,0.6));
#880 = CARTESIAN_POINT('',(1.62,-9.229747629046,0.7));
#881 = CARTESIAN_POINT('',(1.52,-9.129747629046,0.8));
#882 = CARTESIAN_POINT('',(1.42,-9.029747629046,0.9));
#883 = CARTESIAN_POINT('',(0.953974499978,-8.563722129024,1.366025500022
    ));
#884 = CARTESIAN_POINT('',(0.587948999955,-8.197696629002,1.732051000045
    ));
#885 = CARTESIAN_POINT('',(0.221923499933,-7.831671128979,2.098076500067
    ));
#886 = CARTESIAN_POINT('',(-0.14410200009,-7.465645628957,2.46410200009)
  );
#887 = CARTESIAN_POINT('',(-0.510127500112,-7.099620128934,
    2.830127500112));
#888 = CARTESIAN_POINT('',(-0.876153000135,-6.733594628912,
    3.196153000135));
#889 = CARTESIAN_POINT('',(-1.242178500157,-6.367569128889,
    3.562178500157));
#890 = CARTESIAN_POINT('',(-1.608204000179,6.677951629226,3.928204000179
    ));
#891 = CARTESIAN_POINT('',(-1.974229500202,7.043977129248,4.294229500202
    ));
#892 = CARTESIAN_POINT('',(-2.340255000224,7.410002629271,4.660255000224
    ));
#893 = CARTESIAN_POINT('',(5.625139434213,-10.38009299436,
    -3.305139434213));
#894 = CARTESIAN_POINT('',(5.233325872532,-9.717455924861,
    -2.913325872532));
#895 = CARTESIAN_POINT('',(4.855134448242,-9.085619580388,
    -2.535134448242));
#896 = CARTESIAN_POINT('',(4.490565161343,-8.484583960945,
    -2.170565161343));
#897 = CARTESIAN_POINT('',(4.139618011835,-7.914349066531,
    -1.819618011835));
#898 = CARTESIAN_POINT('',(3.802292999718,-7.374914897147,
    -1.482292999718));
#899 = CARTESIAN_POINT('',(3.478590124992,-6.866281452792,
    -1.158590124992));
#900 = CARTESIAN_POINT('',(3.168509387657,-6.388448733467,
    -0.848509387657));
#901 = CARTESIAN_POINT('',(2.872050787714,-5.941416739172,
    -0.552050787714));
#902 = CARTESIAN_POINT('',(2.589214325161,-5.525185469906,
    -0.269214325161));
#903 = CARTESIAN_POINT('',(2.22,-4.996586264787,1.E-01));
#904 = CARTESIAN_POINT('',(2.12,-4.853417603905,0.2));
#905 = CARTESIAN_POINT('',(2.02,-4.710248943023,0.3));
#906 = CARTESIAN_POINT('',(1.92,-4.567080282141,0.4));
#907 = CARTESIAN_POINT('',(1.82,-4.423911621259,0.5));
#908 = CARTESIAN_POINT('',(1.72,-4.280742960377,0.6));
#909 = CARTESIAN_POINT('',(1.62,-4.137574299494,0.7));
#910 = CARTESIAN_POINT('',(1.52,-3.994405638612,0.8));
#911 = CARTESIAN_POINT('',(1.42,-3.85123697773,0.9));
#912 = CARTESIAN_POINT('',(0.953974499978,-3.184034509979,1.366025500022
    ));
#913 = CARTESIAN_POINT('',(0.587948999955,-2.660000703109,1.732051000045
    ));
#914 = CARTESIAN_POINT('',(0.221923499933,-2.13596689624,2.098076500067)
  );
#915 = CARTESIAN_POINT('',(-0.14410200009,-1.611933089371,2.46410200009)
  );
#916 = CARTESIAN_POINT('',(-0.510127500112,-1.087899282501,
    2.830127500112));
#917 = CARTESIAN_POINT('',(-0.876153000135,-0.563865475632,
    3.196153000135));
#918 = CARTESIAN_POINT('',(-1.242178500157,-3.983166876259E-02,
    3.562178500157));
#919 = CARTESIAN_POINT('',(-1.608204000179,0.484202138107,3.928204000179
    ));
#920 = CARTESIAN_POINT('',(-1.974229500202,1.008235944976,4.294229500202
    ));
#921 = CARTESIAN_POINT('',(-2.340255000224,1.532269751845,4.660255000224
    ));
#922 = CARTESIAN_POINT('',(6.80287853951,0.,-4.48287853951));
#923 = CARTESIAN_POINT('',(6.175517156769,0.,-3.855517156769));
#924 = CARTESIAN_POINT('',(5.587949891538,0.,-3.267949891538));
#925 = CARTESIAN_POINT('',(5.040176743814,0.,-2.720176743814));
#926 = CARTESIAN_POINT('',(4.5321977136,0.,-2.2121977136));
#927 = CARTESIAN_POINT('',(4.064012800895,0.,-1.744012800895));
#928 = CARTESIAN_POINT('',(3.635622005698,0.,-1.315622005698));
#929 = CARTESIAN_POINT('',(3.24702532801,0.,-0.92702532801));
#930 = CARTESIAN_POINT('',(2.898222767831,0.,-0.578222767831));
#931 = CARTESIAN_POINT('',(2.589214325161,0.,-0.269214325161));
#932 = CARTESIAN_POINT('',(2.22,0.,0.1));
#933 = CARTESIAN_POINT('',(2.12,0.,0.2));
#934 = CARTESIAN_POINT('',(2.02,0.,0.3));
#935 = CARTESIAN_POINT('',(1.92,0.,0.4));
#936 = CARTESIAN_POINT('',(1.82,0.,0.5));
#937 = CARTESIAN_POINT('',(1.72,0.,0.6));
#938 = CARTESIAN_POINT('',(1.62,0.,0.7));
#939 = CARTESIAN_POINT('',(1.52,0.,0.8));
#940 = CARTESIAN_POINT('',(1.42,0.,0.9));
#941 = CARTESIAN_POINT('',(0.953974499978,0.,1.366025500022));
#942 = CARTESIAN_POINT('',(0.587948999955,0.,1.732051000045));
#943 = CARTESIAN_POINT('',(0.221923499933,0.,2.098076500067));
#944 = CARTESIAN_POINT('',(-0.14410200009,0.,2.46410200009));
#945 = CARTESIAN_POINT('',(-0.510127500112,0.,2.830127500112));
#946 = CARTESIAN_POINT('',(-0.876153000135,0.,3.196153000135));
#947 = CARTESIAN_POINT('',(-1.242178500157,0.,3.562178500157));
#948 = CARTESIAN_POINT('',(-1.608204000179,0.,3.928204000179));
#949 = CARTESIAN_POINT('',(-1.974229500202,0.,4.294229500202));
#950 = CARTESIAN_POINT('',(-2.340255000224,0.,4.660255000224));
#951 = CARTESIAN_POINT('',(5.012143251613,11.829107427762,
    -2.692143251613));
#952 = CARTESIAN_POINT('',(4.742928926452,11.322184066438,
    -2.422928926452));
#953 = CARTESIAN_POINT('',(4.473714601291,10.815260705114,
    -2.153714601291));
#954 = CARTESIAN_POINT('',(4.204500276129,10.30833734379,-1.884500276129
    ));
#955 = CARTESIAN_POINT('',(3.935285950968,9.801413982466,-1.615285950968
    ));
#956 = CARTESIAN_POINT('',(3.666071625807,9.294490621142,-1.346071625807
    ));
#957 = CARTESIAN_POINT('',(3.396857300645,8.787567259819,-1.076857300645
    ));
#958 = CARTESIAN_POINT('',(3.127642975484,8.280643898495,-0.807642975484
    ));
#959 = CARTESIAN_POINT('',(2.858428650323,7.773720537171,-0.538428650323
    ));
#960 = CARTESIAN_POINT('',(2.589214325161,7.266797175847,-0.269214325161
    ));
#961 = CARTESIAN_POINT('',(2.22,6.571576493784,0.1));
#962 = CARTESIAN_POINT('',(2.12,6.383279173046,0.2));
#963 = CARTESIAN_POINT('',(2.02,6.194981852307,0.3));
#964 = CARTESIAN_POINT('',(1.92,6.006684531568,0.4));
#965 = CARTESIAN_POINT('',(1.82,5.818387210829,0.5));
#966 = CARTESIAN_POINT('',(1.72,5.63008989009,0.6));
#967 = CARTESIAN_POINT('',(1.62,5.441792569352,0.7));
#968 = CARTESIAN_POINT('',(1.52,5.253495248613,0.8));
#969 = CARTESIAN_POINT('',(1.42,5.065197927874,0.9));
#970 = CARTESIAN_POINT('',(0.953974499978,4.187684397372,1.366025500022)
  );
#971 = CARTESIAN_POINT('',(0.587948999955,3.498468187609,1.732051000045)
  );
#972 = CARTESIAN_POINT('',(0.221923499933,2.809251977846,2.098076500067)
  );
#973 = CARTESIAN_POINT('',(-0.14410200009,2.120035768083,2.46410200009)
  );
#974 = CARTESIAN_POINT('',(-0.510127500112,1.43081955832,2.830127500112)
  );
#975 = CARTESIAN_POINT('',(-0.876153000135,0.741603348557,3.196153000135
    ));
#976 = CARTESIAN_POINT('',(-1.242178500157,5.238713879376E-02,
    3.562178500157));
#977 = CARTESIAN_POINT('',(-1.608204000179,-0.636829070969,
    3.928204000179));
#978 = CARTESIAN_POINT('',(-1.974229500202,-1.326045280732,
    4.294229500202));
#979 = CARTESIAN_POINT('',(-2.340255000224,-2.015261490495,
    4.660255000224));
#980 = CARTESIAN_POINT('',(5.980255000224,13.590002629271,
    -3.660255000224));
#981 = CARTESIAN_POINT('',(5.517418325341,13.127165954387,
    -3.197418325341));
#982 = CARTESIAN_POINT('',(5.076095244871,12.685842873917,
    -2.756095244871));
#983 = CARTESIAN_POINT('',(4.656285758814,12.266033387861,
    -2.336285758814));
#984 = CARTESIAN_POINT('',(4.257989867172,11.867737496218,
    -1.937989867172));
#985 = CARTESIAN_POINT('',(3.881207569942,11.490955198989,
    -1.561207569942));
#986 = CARTESIAN_POINT('',(3.525938867127,11.135686496173,
    -1.205938867127));
#987 = CARTESIAN_POINT('',(3.192183758725,10.801931387771,
    -0.872183758725));
#988 = CARTESIAN_POINT('',(2.879942244736,10.489689873783,
    -0.559942244736));
#989 = CARTESIAN_POINT('',(2.589214325161,10.198961954208,
    -0.269214325161));
#990 = CARTESIAN_POINT('',(2.22,9.829747629046,0.1));
#991 = CARTESIAN_POINT('',(2.12,9.729747629046,0.2));
#992 = CARTESIAN_POINT('',(2.02,9.629747629046,0.3));
#993 = CARTESIAN_POINT('',(1.92,9.529747629046,0.4));
#994 = CARTESIAN_POINT('',(1.82,9.429747629046,0.5));
#995 = CARTESIAN_POINT('',(1.72,9.329747629046,0.6));
#996 = CARTESIAN_POINT('',(1.62,9.229747629046,0.7));
#997 = CARTESIAN_POINT('',(1.52,9.129747629046,0.8));
#998 = CARTESIAN_POINT('',(1.42,9.029747629046,0.9));
#999 = CARTESIAN_POINT('',(0.953974499978,8.563722129024,1.366025500022)
  );
#1000 = CARTESIAN_POINT('',(0.587948999955,8.197696629002,1.732051000045
    ));
#1001 = CARTESIAN_POINT('',(0.221923499933,7.831671128979,2.098076500067
    ));
#1002 = CARTESIAN_POINT('',(-0.14410200009,7.465645628957,2.46410200009)
  );
#1003 = CARTESIAN_POINT('',(-0.510127500112,6.797727384694,
    2.830127500112));
#1004 = CARTESIAN_POINT('',(-0.876153000135,5.22413090771,3.196153000135
    ));
#1005 = CARTESIAN_POINT('',(-1.242178500157,2.141070709525,
    3.562178500157));
#1006 = CARTESIAN_POINT('',(-1.608204000179,-2.451453209862,
    3.928204000179));
#1007 = CARTESIAN_POINT('',(-1.974229500202,-7.043977129248,
    4.294229500202));
#1008 = CARTESIAN_POINT('',(-2.340255000224,-7.410002629271,
    4.660255000224));
#1009 = DEFINITIONAL_REPRESENTATION('',(#1010),#1014);
#1010 = LINE('',#1011,#1012);
#1011 = CARTESIAN_POINT('',(0.,0.));
#1012 = VECTOR('',#1013,1.);
#1013 = DIRECTION('',(1.,0.));
#1014 = ( GEOMETRIC_REPRESENTATION_CONTEXT(2) 
PARAMETRIC_REPRESENTATION_CONTEXT() REPRESENTATION_CONTEXT('2D SPACE',''
  ) );
#1015 = ADVANCED_FACE('',(#1016),#72,.T.);
#1016 = FACE_BOUND('',#1017,.F.);
#1017 = EDGE_LOOP('',(#1018,#1019,#1042,#1068));
#1018 = ORIENTED_EDGE('',*,*,#312,.T.);
#1019 = ORIENTED_EDGE('',*,*,#1020,.T.);
#1020 = EDGE_CURVE('',#285,#1021,#1023,.T.);
#1021 = VERTEX_POINT('',#1022);
#1022 = CARTESIAN_POINT('',(-4.,-7.5,55.));
#1023 = SURFACE_CURVE('',#1024,(#1028,#1035),.PCURVE_S1.);
#1024 = LINE('',#1025,#1026);
#1025 = CARTESIAN_POINT('',(-4.,-7.5,0.));
#1026 = VECTOR('',#1027,1.);
#1027 = DIRECTION('',(0.,0.,1.));
#1028 = PCURVE('',#72,#1029);
#1029 = DEFINITIONAL_REPRESENTATION('',(#1030),#1034);
#1030 = LINE('',#1031,#1032);
#1031 = CARTESIAN_POINT('',(-1.570796326795,0.));
#1032 = VECTOR('',#1033,1.);
#1033 = DIRECTION('',(-0.,1.));
#1034 = ( GEOMETRIC_REPRESENTATION_CONTEXT(2) 
PARAMETRIC_REPRESENTATION_CONTEXT() REPRESENTATION_CONTEXT('2D SPACE',''
  ) );
#1035 = PCURVE('',#300,#1036);
#1036 = DEFINITIONAL_REPRESENTATION('',(#1037),#1041);
#1037 = LINE('',#1038,#1039);
#1038 = CARTESIAN_POINT('',(15.5,0.));
#1039 = VECTOR('',#1040,1.);
#1040 = DIRECTION('',(0.,-1.));
#1041 = ( GEOMETRIC_REPRESENTATION_CONTEXT(2) 
PARAMETRIC_REPRESENTATION_CONTEXT() REPRESENTATION_CONTEXT('2D SPACE',''
  ) );
#1042 = ORIENTED_EDGE('',*,*,#1043,.F.);
#1043 = EDGE_CURVE('',#57,#1021,#1044,.T.);
#1044 = SURFACE_CURVE('',#1045,(#1050,#1057),.PCURVE_S1.);
#1045 = CIRCLE('',#1046,0.5);
#1046 = AXIS2_PLACEMENT_3D('',#1047,#1048,#1049);
#1047 = CARTESIAN_POINT('',(-3.5,-7.5,55.));
#1048 = DIRECTION('',(-0.,-0.,-1.));
#1049 = DIRECTION('',(0.,-1.,0.));
#1050 = PCURVE('',#72,#1051);
#1051 = DEFINITIONAL_REPRESENTATION('',(#1052),#1056);
#1052 = LINE('',#1053,#1054);
#1053 = CARTESIAN_POINT('',(-0.,55.));
#1054 = VECTOR('',#1055,1.);
#1055 = DIRECTION('',(-1.,0.));
#1056 = ( GEOMETRIC_REPRESENTATION_CONTEXT(2) 
PARAMETRIC_REPRESENTATION_CONTEXT() REPRESENTATION_CONTEXT('2D SPACE',''
  ) );
#1057 = PCURVE('',#100,#1058);
#1058 = DEFINITIONAL_REPRESENTATION('',(#1059),#1067);
#1059 = ( BOUNDED_CURVE() B_SPLINE_CURVE(2,(#1060,#1061,#1062,#1063,
#1064,#1065,#1066),.UNSPECIFIED.,.T.,.F.) B_SPLINE_CURVE_WITH_KNOTS((1,2
    ,2,2,2,1),(-2.094395102393,0.,2.094395102393,4.188790204786,
6.28318530718,8.377580409573),.UNSPECIFIED.) CURVE() 
GEOMETRIC_REPRESENTATION_ITEM() RATIONAL_B_SPLINE_CURVE((1.,0.5,1.,0.5,
1.,0.5,1.)) REPRESENTATION_ITEM('') );
#1060 = CARTESIAN_POINT('',(-3.5,-8.));
#1061 = CARTESIAN_POINT('',(-4.366025403784,-8.));
#1062 = CARTESIAN_POINT('',(-3.933012701892,-7.25));
#1063 = CARTESIAN_POINT('',(-3.5,-6.5));
#1064 = CARTESIAN_POINT('',(-3.066987298108,-7.25));
#1065 = CARTESIAN_POINT('',(-2.633974596216,-8.));
#1066 = CARTESIAN_POINT('',(-3.5,-8.));
#1067 = ( GEOMETRIC_REPRESENTATION_CONTEXT(2) 
PARAMETRIC_REPRESENTATION_CONTEXT() REPRESENTATION_CONTEXT('2D SPACE',''
  ) );
#1068 = ORIENTED_EDGE('',*,*,#56,.F.);
#1069 = ADVANCED_FACE('',(#1070),#126,.T.);
#1070 = FACE_BOUND('',#1071,.T.);
#1071 = EDGE_LOOP('',(#1072,#1073,#1096,#1118));
#1072 = ORIENTED_EDGE('',*,*,#142,.T.);
#1073 = ORIENTED_EDGE('',*,*,#1074,.T.);
#1074 = EDGE_CURVE('',#143,#1075,#1077,.T.);
#1075 = VERTEX_POINT('',#1076);
#1076 = CARTESIAN_POINT('',(4.,-7.5,55.));
#1077 = SURFACE_CURVE('',#1078,(#1082,#1089),.PCURVE_S1.);
#1078 = LINE('',#1079,#1080);
#1079 = CARTESIAN_POINT('',(4.,-7.5,0.));
#1080 = VECTOR('',#1081,1.);
#1081 = DIRECTION('',(0.,0.,1.));
#1082 = PCURVE('',#126,#1083);
#1083 = DEFINITIONAL_REPRESENTATION('',(#1084),#1088);
#1084 = LINE('',#1085,#1086);
#1085 = CARTESIAN_POINT('',(1.570796326795,0.));
#1086 = VECTOR('',#1087,1.);
#1087 = DIRECTION('',(0.,1.));
#1088 = ( GEOMETRIC_REPRESENTATION_CONTEXT(2) 
PARAMETRIC_REPRESENTATION_CONTEXT() REPRESENTATION_CONTEXT('2D SPACE',''
  ) );
#1089 = PCURVE('',#182,#1090);
#1090 = DEFINITIONAL_REPRESENTATION('',(#1091),#1095);
#1091 = LINE('',#1092,#1093);
#1092 = CARTESIAN_POINT('',(0.5,0.));
#1093 = VECTOR('',#1094,1.);
#1094 = DIRECTION('',(0.,-1.));
#1095 = ( GEOMETRIC_REPRESENTATION_CONTEXT(2) 
PARAMETRIC_REPRESENTATION_CONTEXT() REPRESENTATION_CONTEXT('2D SPACE',''
  ) );
#1096 = ORIENTED_EDGE('',*,*,#1097,.F.);
#1097 = EDGE_CURVE('',#85,#1075,#1098,.T.);
#1098 = SURFACE_CURVE('',#1099,(#1104,#1111),.PCURVE_S1.);
#1099 = CIRCLE('',#1100,0.5);
#1100 = AXIS2_PLACEMENT_3D('',#1101,#1102,#1103);
#1101 = CARTESIAN_POINT('',(3.5,-7.5,55.));
#1102 = DIRECTION('',(0.,0.,1.));
#1103 = DIRECTION('',(0.,-1.,0.));
#1104 = PCURVE('',#126,#1105);
#1105 = DEFINITIONAL_REPRESENTATION('',(#1106),#1110);
#1106 = LINE('',#1107,#1108);
#1107 = CARTESIAN_POINT('',(0.,55.));
#1108 = VECTOR('',#1109,1.);
#1109 = DIRECTION('',(1.,0.));
#1110 = ( GEOMETRIC_REPRESENTATION_CONTEXT(2) 
PARAMETRIC_REPRESENTATION_CONTEXT() REPRESENTATION_CONTEXT('2D SPACE',''
  ) );
#1111 = PCURVE('',#100,#1112);
#1112 = DEFINITIONAL_REPRESENTATION('',(#1113),#1117);
#1113 = CIRCLE('',#1114,0.5);
#1114 = AXIS2_PLACEMENT_2D('',#1115,#1116);
#1115 = CARTESIAN_POINT('',(3.5,-7.5));
#1116 = DIRECTION('',(0.,-1.));
#1117 = ( GEOMETRIC_REPRESENTATION_CONTEXT(2) 
PARAMETRIC_REPRESENTATION_CONTEXT() REPRESENTATION_CONTEXT('2D SPACE',''
  ) );
#1118 = ORIENTED_EDGE('',*,*,#112,.F.);
#1119 = ADVANCED_FACE('',(#1120,#1244),#100,.T.);
#1120 = FACE_BOUND('',#1121,.T.);
#1121 = EDGE_LOOP('',(#1122,#1123,#1124,#1147,#1171,#1194,#1222,#1243));
#1122 = ORIENTED_EDGE('',*,*,#84,.T.);
#1123 = ORIENTED_EDGE('',*,*,#1097,.T.);
#1124 = ORIENTED_EDGE('',*,*,#1125,.T.);
#1125 = EDGE_CURVE('',#1075,#1126,#1128,.T.);
#1126 = VERTEX_POINT('',#1127);
#1127 = CARTESIAN_POINT('',(4.,7.5,55.));
#1128 = SURFACE_CURVE('',#1129,(#1133,#1140),.PCURVE_S1.);
#1129 = LINE('',#1130,#1131);
#1130 = CARTESIAN_POINT('',(4.,-8.,55.));
#1131 = VECTOR('',#1132,1.);
#1132 = DIRECTION('',(0.,1.,0.));
#1133 = PCURVE('',#100,#1134);
#1134 = DEFINITIONAL_REPRESENTATION('',(#1135),#1139);
#1135 = LINE('',#1136,#1137);
#1136 = CARTESIAN_POINT('',(4.,-8.));
#1137 = VECTOR('',#1138,1.);
#1138 = DIRECTION('',(0.,1.));
#1139 = ( GEOMETRIC_REPRESENTATION_CONTEXT(2) 
PARAMETRIC_REPRESENTATION_CONTEXT() REPRESENTATION_CONTEXT('2D SPACE',''
  ) );
#1140 = PCURVE('',#182,#1141);
#1141 = DEFINITIONAL_REPRESENTATION('',(#1142),#1146);
#1142 = LINE('',#1143,#1144);
#1143 = CARTESIAN_POINT('',(0.,-55.));
#1144 = VECTOR('',#1145,1.);
#1145 = DIRECTION('',(1.,0.));
#1146 = ( GEOMETRIC_REPRESENTATION_CONTEXT(2) 
PARAMETRIC_REPRESENTATION_CONTEXT() REPRESENTATION_CONTEXT('2D SPACE',''
  ) );
#1147 = ORIENTED_EDGE('',*,*,#1148,.T.);
#1148 = EDGE_CURVE('',#1126,#1149,#1151,.T.);
#1149 = VERTEX_POINT('',#1150);
#1150 = CARTESIAN_POINT('',(3.5,8.,55.));
#1151 = SURFACE_CURVE('',#1152,(#1157,#1164),.PCURVE_S1.);
#1152 = CIRCLE('',#1153,0.5);
#1153 = AXIS2_PLACEMENT_3D('',#1154,#1155,#1156);
#1154 = CARTESIAN_POINT('',(3.5,7.5,55.));
#1155 = DIRECTION('',(0.,0.,1.));
#1156 = DIRECTION('',(0.,-1.,0.));
#1157 = PCURVE('',#100,#1158);
#1158 = DEFINITIONAL_REPRESENTATION('',(#1159),#1163);
#1159 = CIRCLE('',#1160,0.5);
#1160 = AXIS2_PLACEMENT_2D('',#1161,#1162);
#1161 = CARTESIAN_POINT('',(3.5,7.5));
#1162 = DIRECTION('',(0.,-1.));
#1163 = ( GEOMETRIC_REPRESENTATION_CONTEXT(2) 
PARAMETRIC_REPRESENTATION_CONTEXT() REPRESENTATION_CONTEXT('2D SPACE',''
  ) );
#1164 = PCURVE('',#211,#1165);
#1165 = DEFINITIONAL_REPRESENTATION('',(#1166),#1170);
#1166 = LINE('',#1167,#1168);
#1167 = CARTESIAN_POINT('',(-1.570796326795,55.));
#1168 = VECTOR('',#1169,1.);
#1169 = DIRECTION('',(1.,0.));
#1170 = ( GEOMETRIC_REPRESENTATION_CONTEXT(2) 
PARAMETRIC_REPRESENTATION_CONTEXT() REPRESENTATION_CONTEXT('2D SPACE',''
  ) );
#1171 = ORIENTED_EDGE('',*,*,#1172,.T.);
#1172 = EDGE_CURVE('',#1149,#1173,#1175,.T.);
#1173 = VERTEX_POINT('',#1174);
#1174 = CARTESIAN_POINT('',(-3.5,8.,55.));
#1175 = SURFACE_CURVE('',#1176,(#1180,#1187),.PCURVE_S1.);
#1176 = LINE('',#1177,#1178);
#1177 = CARTESIAN_POINT('',(4.,8.,55.));
#1178 = VECTOR('',#1179,1.);
#1179 = DIRECTION('',(-1.,0.,0.));
#1180 = PCURVE('',#100,#1181);
#1181 = DEFINITIONAL_REPRESENTATION('',(#1182),#1186);
#1182 = LINE('',#1183,#1184);
#1183 = CARTESIAN_POINT('',(4.,8.));
#1184 = VECTOR('',#1185,1.);
#1185 = DIRECTION('',(-1.,0.));
#1186 = ( GEOMETRIC_REPRESENTATION_CONTEXT(2) 
PARAMETRIC_REPRESENTATION_CONTEXT() REPRESENTATION_CONTEXT('2D SPACE',''
  ) );
#1187 = PCURVE('',#239,#1188);
#1188 = DEFINITIONAL_REPRESENTATION('',(#1189),#1193);
#1189 = LINE('',#1190,#1191);
#1190 = CARTESIAN_POINT('',(0.,-55.));
#1191 = VECTOR('',#1192,1.);
#1192 = DIRECTION('',(1.,0.));
#1193 = ( GEOMETRIC_REPRESENTATION_CONTEXT(2) 
PARAMETRIC_REPRESENTATION_CONTEXT() REPRESENTATION_CONTEXT('2D SPACE',''
  ) );
#1194 = ORIENTED_EDGE('',*,*,#1195,.F.);
#1195 = EDGE_CURVE('',#1196,#1173,#1198,.T.);
#1196 = VERTEX_POINT('',#1197);
#1197 = CARTESIAN_POINT('',(-4.,7.5,55.));
#1198 = SURFACE_CURVE('',#1199,(#1204,#1215),.PCURVE_S1.);
#1199 = CIRCLE('',#1200,0.5);
#1200 = AXIS2_PLACEMENT_3D('',#1201,#1202,#1203);
#1201 = CARTESIAN_POINT('',(-3.5,7.5,55.));
#1202 = DIRECTION('',(-0.,-0.,-1.));
#1203 = DIRECTION('',(0.,-1.,0.));
#1204 = PCURVE('',#100,#1205);
#1205 = DEFINITIONAL_REPRESENTATION('',(#1206),#1214);
#1206 = ( BOUNDED_CURVE() B_SPLINE_CURVE(2,(#1207,#1208,#1209,#1210,
#1211,#1212,#1213),.UNSPECIFIED.,.T.,.F.) B_SPLINE_CURVE_WITH_KNOTS((1,2
    ,2,2,2,1),(-2.094395102393,0.,2.094395102393,4.188790204786,
6.28318530718,8.377580409573),.UNSPECIFIED.) CURVE() 
GEOMETRIC_REPRESENTATION_ITEM() RATIONAL_B_SPLINE_CURVE((1.,0.5,1.,0.5,
1.,0.5,1.)) REPRESENTATION_ITEM('') );
#1207 = CARTESIAN_POINT('',(-3.5,7.));
#1208 = CARTESIAN_POINT('',(-4.366025403784,7.));
#1209 = CARTESIAN_POINT('',(-3.933012701892,7.75));
#1210 = CARTESIAN_POINT('',(-3.5,8.5));
#1211 = CARTESIAN_POINT('',(-3.066987298108,7.75));
#1212 = CARTESIAN_POINT('',(-2.633974596216,7.));
#1213 = CARTESIAN_POINT('',(-3.5,7.));
#1214 = ( GEOMETRIC_REPRESENTATION_CONTEXT(2) 
PARAMETRIC_REPRESENTATION_CONTEXT() REPRESENTATION_CONTEXT('2D SPACE',''
  ) );
#1215 = PCURVE('',#272,#1216);
#1216 = DEFINITIONAL_REPRESENTATION('',(#1217),#1221);
#1217 = LINE('',#1218,#1219);
#1218 = CARTESIAN_POINT('',(1.570796326795,55.));
#1219 = VECTOR('',#1220,1.);
#1220 = DIRECTION('',(-1.,0.));
#1221 = ( GEOMETRIC_REPRESENTATION_CONTEXT(2) 
PARAMETRIC_REPRESENTATION_CONTEXT() REPRESENTATION_CONTEXT('2D SPACE',''
  ) );
#1222 = ORIENTED_EDGE('',*,*,#1223,.T.);
#1223 = EDGE_CURVE('',#1196,#1021,#1224,.T.);
#1224 = SURFACE_CURVE('',#1225,(#1229,#1236),.PCURVE_S1.);
#1225 = LINE('',#1226,#1227);
#1226 = CARTESIAN_POINT('',(-4.,8.,55.));
#1227 = VECTOR('',#1228,1.);
#1228 = DIRECTION('',(0.,-1.,0.));
#1229 = PCURVE('',#100,#1230);
#1230 = DEFINITIONAL_REPRESENTATION('',(#1231),#1235);
#1231 = LINE('',#1232,#1233);
#1232 = CARTESIAN_POINT('',(-4.,8.));
#1233 = VECTOR('',#1234,1.);
#1234 = DIRECTION('',(0.,-1.));
#1235 = ( GEOMETRIC_REPRESENTATION_CONTEXT(2) 
PARAMETRIC_REPRESENTATION_CONTEXT() REPRESENTATION_CONTEXT('2D SPACE',''
  ) );
#1236 = PCURVE('',#300,#1237);
#1237 = DEFINITIONAL_REPRESENTATION('',(#1238),#1242);
#1238 = LINE('',#1239,#1240);
#1239 = CARTESIAN_POINT('',(0.,-55.));
#1240 = VECTOR('',#1241,1.);
#1241 = DIRECTION('',(1.,0.));
#1242 = ( GEOMETRIC_REPRESENTATION_CONTEXT(2) 
PARAMETRIC_REPRESENTATION_CONTEXT() REPRESENTATION_CONTEXT('2D SPACE',''
  ) );
#1243 = ORIENTED_EDGE('',*,*,#1043,.F.);
#1244 = FACE_BOUND('',#1245,.T.);
#1245 = EDGE_LOOP('',(#1246,#1277,#1301,#1329,#1358,#1382));
#1246 = ORIENTED_EDGE('',*,*,#1247,.F.);
#1247 = EDGE_CURVE('',#1248,#1250,#1252,.T.);
#1248 = VERTEX_POINT('',#1249);
#1249 = CARTESIAN_POINT('',(2.05,-4.5,55.));
#1250 = VERTEX_POINT('',#1251);
#1251 = CARTESIAN_POINT('',(1.75,-3.432292174797,55.));
#1252 = SURFACE_CURVE('',#1253,(#1258,#1265),.PCURVE_S1.);
#1253 = CIRCLE('',#1254,2.05);
#1254 = AXIS2_PLACEMENT_3D('',#1255,#1256,#1257);
#1255 = CARTESIAN_POINT('',(0.,-4.5,55.));
#1256 = DIRECTION('',(0.,0.,1.));
#1257 = DIRECTION('',(1.,0.,0.));
#1258 = PCURVE('',#100,#1259);
#1259 = DEFINITIONAL_REPRESENTATION('',(#1260),#1264);
#1260 = CIRCLE('',#1261,2.05);
#1261 = AXIS2_PLACEMENT_2D('',#1262,#1263);
#1262 = CARTESIAN_POINT('',(0.,-4.5));
#1263 = DIRECTION('',(1.,0.));
#1264 = ( GEOMETRIC_REPRESENTATION_CONTEXT(2) 
PARAMETRIC_REPRESENTATION_CONTEXT() REPRESENTATION_CONTEXT('2D SPACE',''
  ) );
#1265 = PCURVE('',#1266,#1271);
#1266 = CYLINDRICAL_SURFACE('',#1267,2.05);
#1267 = AXIS2_PLACEMENT_3D('',#1268,#1269,#1270);
#1268 = CARTESIAN_POINT('',(0.,-4.5,52.8));
#1269 = DIRECTION('',(-0.,-0.,-1.));
#1270 = DIRECTION('',(1.,0.,0.));
#1271 = DEFINITIONAL_REPRESENTATION('',(#1272),#1276);
#1272 = LINE('',#1273,#1274);
#1273 = CARTESIAN_POINT('',(-0.,-2.2));
#1274 = VECTOR('',#1275,1.);
#1275 = DIRECTION('',(-1.,0.));
#1276 = ( GEOMETRIC_REPRESENTATION_CONTEXT(2) 
PARAMETRIC_REPRESENTATION_CONTEXT() REPRESENTATION_CONTEXT('2D SPACE',''
  ) );
#1277 = ORIENTED_EDGE('',*,*,#1278,.F.);
#1278 = EDGE_CURVE('',#1279,#1248,#1281,.T.);
#1279 = VERTEX_POINT('',#1280);
#1280 = CARTESIAN_POINT('',(-1.75,-3.432292174797,55.));
#1281 = SURFACE_CURVE('',#1282,(#1287,#1294),.PCURVE_S1.);
#1282 = CIRCLE('',#1283,2.05);
#1283 = AXIS2_PLACEMENT_3D('',#1284,#1285,#1286);
#1284 = CARTESIAN_POINT('',(0.,-4.5,55.));
#1285 = DIRECTION('',(0.,0.,1.));
#1286 = DIRECTION('',(1.,0.,0.));
#1287 = PCURVE('',#100,#1288);
#1288 = DEFINITIONAL_REPRESENTATION('',(#1289),#1293);
#1289 = CIRCLE('',#1290,2.05);
#1290 = AXIS2_PLACEMENT_2D('',#1291,#1292);
#1291 = CARTESIAN_POINT('',(0.,-4.5));
#1292 = DIRECTION('',(1.,0.));
#1293 = ( GEOMETRIC_REPRESENTATION_CONTEXT(2) 
PARAMETRIC_REPRESENTATION_CONTEXT() REPRESENTATION_CONTEXT('2D SPACE',''
  ) );
#1294 = PCURVE('',#1266,#1295);
#1295 = DEFINITIONAL_REPRESENTATION('',(#1296),#1300);
#1296 = LINE('',#1297,#1298);
#1297 = CARTESIAN_POINT('',(-0.,-2.2));
#1298 = VECTOR('',#1299,1.);
#1299 = DIRECTION('',(-1.,0.));
#1300 = ( GEOMETRIC_REPRESENTATION_CONTEXT(2) 
PARAMETRIC_REPRESENTATION_CONTEXT() REPRESENTATION_CONTEXT('2D SPACE',''
  ) );
#1301 = ORIENTED_EDGE('',*,*,#1302,.F.);
#1302 = EDGE_CURVE('',#1303,#1279,#1305,.T.);
#1303 = VERTEX_POINT('',#1304);
#1304 = CARTESIAN_POINT('',(-1.75,3.432292174797,55.));
#1305 = SURFACE_CURVE('',#1306,(#1310,#1317),.PCURVE_S1.);
#1306 = LINE('',#1307,#1308);
#1307 = CARTESIAN_POINT('',(-1.75,3.5,55.));
#1308 = VECTOR('',#1309,1.);
#1309 = DIRECTION('',(0.,-1.,0.));
#1310 = PCURVE('',#100,#1311);
#1311 = DEFINITIONAL_REPRESENTATION('',(#1312),#1316);
#1312 = LINE('',#1313,#1314);
#1313 = CARTESIAN_POINT('',(-1.75,3.5));
#1314 = VECTOR('',#1315,1.);
#1315 = DIRECTION('',(0.,-1.));
#1316 = ( GEOMETRIC_REPRESENTATION_CONTEXT(2) 
PARAMETRIC_REPRESENTATION_CONTEXT() REPRESENTATION_CONTEXT('2D SPACE',''
  ) );
#1317 = PCURVE('',#1318,#1323);
#1318 = B_SPLINE_SURFACE_WITH_KNOTS('',1,1,(
    (#1319,#1320)
    ,(#1321,#1322
    )),.UNSPECIFIED.,.F.,.F.,.F.,(2,2),(2,2),(0.,7.),(0.,1.),
  .PIECEWISE_BEZIER_KNOTS.);
#1319 = CARTESIAN_POINT('',(-1.75,3.5,55.));
#1320 = CARTESIAN_POINT('',(-1.05,1.05,250.));
#1321 = CARTESIAN_POINT('',(-1.75,-3.5,55.));
#1322 = CARTESIAN_POINT('',(-1.05,-1.05,250.));
#1323 = DEFINITIONAL_REPRESENTATION('',(#1324),#1328);
#1324 = LINE('',#1325,#1326);
#1325 = CARTESIAN_POINT('',(0.,0.));
#1326 = VECTOR('',#1327,1.);
#1327 = DIRECTION('',(1.,0.));
#1328 = ( GEOMETRIC_REPRESENTATION_CONTEXT(2) 
PARAMETRIC_REPRESENTATION_CONTEXT() REPRESENTATION_CONTEXT('2D SPACE',''
  ) );
#1329 = ORIENTED_EDGE('',*,*,#1330,.F.);
#1330 = EDGE_CURVE('',#1331,#1303,#1333,.T.);
#1331 = VERTEX_POINT('',#1332);
#1332 = CARTESIAN_POINT('',(2.05,4.5,55.));
#1333 = SURFACE_CURVE('',#1334,(#1339,#1346),.PCURVE_S1.);
#1334 = CIRCLE('',#1335,2.05);
#1335 = AXIS2_PLACEMENT_3D('',#1336,#1337,#1338);
#1336 = CARTESIAN_POINT('',(0.,4.5,55.));
#1337 = DIRECTION('',(0.,0.,1.));
#1338 = DIRECTION('',(1.,0.,0.));
#1339 = PCURVE('',#100,#1340);
#1340 = DEFINITIONAL_REPRESENTATION('',(#1341),#1345);
#1341 = CIRCLE('',#1342,2.05);
#1342 = AXIS2_PLACEMENT_2D('',#1343,#1344);
#1343 = CARTESIAN_POINT('',(0.,4.5));
#1344 = DIRECTION('',(1.,0.));
#1345 = ( GEOMETRIC_REPRESENTATION_CONTEXT(2) 
PARAMETRIC_REPRESENTATION_CONTEXT() REPRESENTATION_CONTEXT('2D SPACE',''
  ) );
#1346 = PCURVE('',#1347,#1352);
#1347 = CYLINDRICAL_SURFACE('',#1348,2.05);
#1348 = AXIS2_PLACEMENT_3D('',#1349,#1350,#1351);
#1349 = CARTESIAN_POINT('',(0.,4.5,52.8));
#1350 = DIRECTION('',(-0.,-0.,-1.));
#1351 = DIRECTION('',(1.,0.,0.));
#1352 = DEFINITIONAL_REPRESENTATION('',(#1353),#1357);
#1353 = LINE('',#1354,#1355);
#1354 = CARTESIAN_POINT('',(-0.,-2.2));
#1355 = VECTOR('',#1356,1.);
#1356 = DIRECTION('',(-1.,0.));
#1357 = ( GEOMETRIC_REPRESENTATION_CONTEXT(2) 
PARAMETRIC_REPRESENTATION_CONTEXT() REPRESENTATION_CONTEXT('2D SPACE',''
  ) );
#1358 = ORIENTED_EDGE('',*,*,#1359,.F.);
#1359 = EDGE_CURVE('',#1360,#1331,#1362,.T.);
#1360 = VERTEX_POINT('',#1361);
#1361 = CARTESIAN_POINT('',(1.75,3.432292174797,55.));
#1362 = SURFACE_CURVE('',#1363,(#1368,#1375),.PCURVE_S1.);
#1363 = CIRCLE('',#1364,2.05);
#1364 = AXIS2_PLACEMENT_3D('',#1365,#1366,#1367);
#1365 = CARTESIAN_POINT('',(0.,4.5,55.));
#1366 = DIRECTION('',(0.,0.,1.));
#1367 = DIRECTION('',(1.,0.,0.));
#1368 = PCURVE('',#100,#1369);
#1369 = DEFINITIONAL_REPRESENTATION('',(#1370),#1374);
#1370 = CIRCLE('',#1371,2.05);
#1371 = AXIS2_PLACEMENT_2D('',#1372,#1373);
#1372 = CARTESIAN_POINT('',(0.,4.5));
#1373 = DIRECTION('',(1.,0.));
#1374 = ( GEOMETRIC_REPRESENTATION_CONTEXT(2) 
PARAMETRIC_REPRESENTATION_CONTEXT() REPRESENTATION_CONTEXT('2D SPACE',''
  ) );
#1375 = PCURVE('',#1347,#1376);
#1376 = DEFINITIONAL_REPRESENTATION('',(#1377),#1381);
#1377 = LINE('',#1378,#1379);
#1378 = CARTESIAN_POINT('',(-0.,-2.2));
#1379 = VECTOR('',#1380,1.);
#1380 = DIRECTION('',(-1.,0.));
#1381 = ( GEOMETRIC_REPRESENTATION_CONTEXT(2) 
PARAMETRIC_REPRESENTATION_CONTEXT() REPRESENTATION_CONTEXT('2D SPACE',''
  ) );
#1382 = ORIENTED_EDGE('',*,*,#1383,.F.);
#1383 = EDGE_CURVE('',#1250,#1360,#1384,.T.);
#1384 = SURFACE_CURVE('',#1385,(#1389,#1396),.PCURVE_S1.);
#1385 = LINE('',#1386,#1387);
#1386 = CARTESIAN_POINT('',(1.75,-3.5,55.));
#1387 = VECTOR('',#1388,1.);
#1388 = DIRECTION('',(0.,1.,0.));
#1389 = PCURVE('',#100,#1390);
#1390 = DEFINITIONAL_REPRESENTATION('',(#1391),#1395);
#1391 = LINE('',#1392,#1393);
#1392 = CARTESIAN_POINT('',(1.75,-3.5));
#1393 = VECTOR('',#1394,1.);
#1394 = DIRECTION('',(0.,1.));
#1395 = ( GEOMETRIC_REPRESENTATION_CONTEXT(2) 
PARAMETRIC_REPRESENTATION_CONTEXT() REPRESENTATION_CONTEXT('2D SPACE',''
  ) );
#1396 = PCURVE('',#1397,#1402);
#1397 = B_SPLINE_SURFACE_WITH_KNOTS('',1,1,(
    (#1398,#1399)
    ,(#1400,#1401
    )),.UNSPECIFIED.,.F.,.F.,.F.,(2,2),(2,2),(0.,7.),(0.,1.),
  .PIECEWISE_BEZIER_KNOTS.);
#1398 = CARTESIAN_POINT('',(1.75,-3.5,55.));
#1399 = CARTESIAN_POINT('',(1.05,-1.05,250.));
#1400 = CARTESIAN_POINT('',(1.75,3.5,55.));
#1401 = CARTESIAN_POINT('',(1.05,1.05,250.));
#1402 = DEFINITIONAL_REPRESENTATION('',(#1403),#1407);
#1403 = LINE('',#1404,#1405);
#1404 = CARTESIAN_POINT('',(0.,0.));
#1405 = VECTOR('',#1406,1.);
#1406 = DIRECTION('',(1.,0.));
#1407 = ( GEOMETRIC_REPRESENTATION_CONTEXT(2) 
PARAMETRIC_REPRESENTATION_CONTEXT() REPRESENTATION_CONTEXT('2D SPACE',''
  ) );
#1408 = ADVANCED_FACE('',(#1409),#300,.F.);
#1409 = FACE_BOUND('',#1410,.F.);
#1410 = EDGE_LOOP('',(#1411,#1412,#1433,#1434));
#1411 = ORIENTED_EDGE('',*,*,#284,.F.);
#1412 = ORIENTED_EDGE('',*,*,#1413,.T.);
#1413 = EDGE_CURVE('',#252,#1196,#1414,.T.);
#1414 = SURFACE_CURVE('',#1415,(#1419,#1426),.PCURVE_S1.);
#1415 = LINE('',#1416,#1417);
#1416 = CARTESIAN_POINT('',(-4.,7.5,0.));
#1417 = VECTOR('',#1418,1.);
#1418 = DIRECTION('',(0.,0.,1.));
#1419 = PCURVE('',#300,#1420);
#1420 = DEFINITIONAL_REPRESENTATION('',(#1421),#1425);
#1421 = LINE('',#1422,#1423);
#1422 = CARTESIAN_POINT('',(0.5,0.));
#1423 = VECTOR('',#1424,1.);
#1424 = DIRECTION('',(0.,-1.));
#1425 = ( GEOMETRIC_REPRESENTATION_CONTEXT(2) 
PARAMETRIC_REPRESENTATION_CONTEXT() REPRESENTATION_CONTEXT('2D SPACE',''
  ) );
#1426 = PCURVE('',#272,#1427);
#1427 = DEFINITIONAL_REPRESENTATION('',(#1428),#1432);
#1428 = LINE('',#1429,#1430);
#1429 = CARTESIAN_POINT('',(-0.,0.));
#1430 = VECTOR('',#1431,1.);
#1431 = DIRECTION('',(-0.,1.));
#1432 = ( GEOMETRIC_REPRESENTATION_CONTEXT(2) 
PARAMETRIC_REPRESENTATION_CONTEXT() REPRESENTATION_CONTEXT('2D SPACE',''
  ) );
#1433 = ORIENTED_EDGE('',*,*,#1223,.T.);
#1434 = ORIENTED_EDGE('',*,*,#1020,.F.);
#1435 = ADVANCED_FACE('',(#1436),#182,.F.);
#1436 = FACE_BOUND('',#1437,.F.);
#1437 = EDGE_LOOP('',(#1438,#1439,#1440,#1441));
#1438 = ORIENTED_EDGE('',*,*,#166,.F.);
#1439 = ORIENTED_EDGE('',*,*,#1074,.T.);
#1440 = ORIENTED_EDGE('',*,*,#1125,.T.);
#1441 = ORIENTED_EDGE('',*,*,#1442,.F.);
#1442 = EDGE_CURVE('',#167,#1126,#1443,.T.);
#1443 = SURFACE_CURVE('',#1444,(#1448,#1455),.PCURVE_S1.);
#1444 = LINE('',#1445,#1446);
#1445 = CARTESIAN_POINT('',(4.,7.5,0.));
#1446 = VECTOR('',#1447,1.);
#1447 = DIRECTION('',(0.,0.,1.));
#1448 = PCURVE('',#182,#1449);
#1449 = DEFINITIONAL_REPRESENTATION('',(#1450),#1454);
#1450 = LINE('',#1451,#1452);
#1451 = CARTESIAN_POINT('',(15.5,0.));
#1452 = VECTOR('',#1453,1.);
#1453 = DIRECTION('',(0.,-1.));
#1454 = ( GEOMETRIC_REPRESENTATION_CONTEXT(2) 
PARAMETRIC_REPRESENTATION_CONTEXT() REPRESENTATION_CONTEXT('2D SPACE',''
  ) );
#1455 = PCURVE('',#211,#1456);
#1456 = DEFINITIONAL_REPRESENTATION('',(#1457),#1461);
#1457 = LINE('',#1458,#1459);
#1458 = CARTESIAN_POINT('',(0.,0.));
#1459 = VECTOR('',#1460,1.);
#1460 = DIRECTION('',(0.,1.));
#1461 = ( GEOMETRIC_REPRESENTATION_CONTEXT(2) 
PARAMETRIC_REPRESENTATION_CONTEXT() REPRESENTATION_CONTEXT('2D SPACE',''
  ) );
#1462 = ADVANCED_FACE('',(#1463),#272,.T.);
#1463 = FACE_BOUND('',#1464,.F.);
#1464 = EDGE_LOOP('',(#1465,#1466,#1487,#1488));
#1465 = ORIENTED_EDGE('',*,*,#251,.T.);
#1466 = ORIENTED_EDGE('',*,*,#1467,.T.);
#1467 = EDGE_CURVE('',#224,#1173,#1468,.T.);
#1468 = SURFACE_CURVE('',#1469,(#1473,#1480),.PCURVE_S1.);
#1469 = LINE('',#1470,#1471);
#1470 = CARTESIAN_POINT('',(-3.5,8.,0.));
#1471 = VECTOR('',#1472,1.);
#1472 = DIRECTION('',(0.,0.,1.));
#1473 = PCURVE('',#272,#1474);
#1474 = DEFINITIONAL_REPRESENTATION('',(#1475),#1479);
#1475 = LINE('',#1476,#1477);
#1476 = CARTESIAN_POINT('',(-1.570796326795,0.));
#1477 = VECTOR('',#1478,1.);
#1478 = DIRECTION('',(-0.,1.));
#1479 = ( GEOMETRIC_REPRESENTATION_CONTEXT(2) 
PARAMETRIC_REPRESENTATION_CONTEXT() REPRESENTATION_CONTEXT('2D SPACE',''
  ) );
#1480 = PCURVE('',#239,#1481);
#1481 = DEFINITIONAL_REPRESENTATION('',(#1482),#1486);
#1482 = LINE('',#1483,#1484);
#1483 = CARTESIAN_POINT('',(7.5,0.));
#1484 = VECTOR('',#1485,1.);
#1485 = DIRECTION('',(0.,-1.));
#1486 = ( GEOMETRIC_REPRESENTATION_CONTEXT(2) 
PARAMETRIC_REPRESENTATION_CONTEXT() REPRESENTATION_CONTEXT('2D SPACE',''
  ) );
#1487 = ORIENTED_EDGE('',*,*,#1195,.F.);
#1488 = ORIENTED_EDGE('',*,*,#1413,.F.);
#1489 = ADVANCED_FACE('',(#1490),#211,.T.);
#1490 = FACE_BOUND('',#1491,.T.);
#1491 = EDGE_LOOP('',(#1492,#1493,#1514,#1515));
#1492 = ORIENTED_EDGE('',*,*,#194,.T.);
#1493 = ORIENTED_EDGE('',*,*,#1494,.T.);
#1494 = EDGE_CURVE('',#195,#1149,#1495,.T.);
#1495 = SURFACE_CURVE('',#1496,(#1500,#1507),.PCURVE_S1.);
#1496 = LINE('',#1497,#1498);
#1497 = CARTESIAN_POINT('',(3.5,8.,0.));
#1498 = VECTOR('',#1499,1.);
#1499 = DIRECTION('',(0.,0.,1.));
#1500 = PCURVE('',#211,#1501);
#1501 = DEFINITIONAL_REPRESENTATION('',(#1502),#1506);
#1502 = LINE('',#1503,#1504);
#1503 = CARTESIAN_POINT('',(1.570796326795,0.));
#1504 = VECTOR('',#1505,1.);
#1505 = DIRECTION('',(0.,1.));
#1506 = ( GEOMETRIC_REPRESENTATION_CONTEXT(2) 
PARAMETRIC_REPRESENTATION_CONTEXT() REPRESENTATION_CONTEXT('2D SPACE',''
  ) );
#1507 = PCURVE('',#239,#1508);
#1508 = DEFINITIONAL_REPRESENTATION('',(#1509),#1513);
#1509 = LINE('',#1510,#1511);
#1510 = CARTESIAN_POINT('',(0.5,0.));
#1511 = VECTOR('',#1512,1.);
#1512 = DIRECTION('',(0.,-1.));
#1513 = ( GEOMETRIC_REPRESENTATION_CONTEXT(2) 
PARAMETRIC_REPRESENTATION_CONTEXT() REPRESENTATION_CONTEXT('2D SPACE',''
  ) );
#1514 = ORIENTED_EDGE('',*,*,#1148,.F.);
#1515 = ORIENTED_EDGE('',*,*,#1442,.F.);
#1516 = ADVANCED_FACE('',(#1517),#239,.F.);
#1517 = FACE_BOUND('',#1518,.F.);
#1518 = EDGE_LOOP('',(#1519,#1520,#1521,#1522));
#1519 = ORIENTED_EDGE('',*,*,#223,.F.);
#1520 = ORIENTED_EDGE('',*,*,#1494,.T.);
#1521 = ORIENTED_EDGE('',*,*,#1172,.T.);
#1522 = ORIENTED_EDGE('',*,*,#1467,.F.);
#1523 = ADVANCED_FACE('',(#1524),#358,.F.);
#1524 = FACE_BOUND('',#1525,.F.);
#1525 = EDGE_LOOP('',(#1526,#1555,#1629,#1653,#1654,#1732));
#1526 = ORIENTED_EDGE('',*,*,#1527,.F.);
#1527 = EDGE_CURVE('',#1528,#1530,#1532,.T.);
#1528 = VERTEX_POINT('',#1529);
#1529 = CARTESIAN_POINT('',(-0.82,-2.59,1.));
#1530 = VERTEX_POINT('',#1531);
#1531 = CARTESIAN_POINT('',(0.82,-2.59,1.));
#1532 = SURFACE_CURVE('',#1533,(#1537,#1543),.PCURVE_S1.);
#1533 = LINE('',#1534,#1535);
#1534 = CARTESIAN_POINT('',(-1.32,-2.59,1.));
#1535 = VECTOR('',#1536,1.);
#1536 = DIRECTION('',(1.,0.,0.));
#1537 = PCURVE('',#358,#1538);
#1538 = DEFINITIONAL_REPRESENTATION('',(#1539),#1542);
#1539 = B_SPLINE_CURVE_WITH_KNOTS('',1,(#1540,#1541),.UNSPECIFIED.,.F.,
  .F.,(2,2),(0.,2.64),.PIECEWISE_BEZIER_KNOTS.);
#1540 = CARTESIAN_POINT('',(0.,1.));
#1541 = CARTESIAN_POINT('',(4.64,1.));
#1542 = ( GEOMETRIC_REPRESENTATION_CONTEXT(2) 
PARAMETRIC_REPRESENTATION_CONTEXT() REPRESENTATION_CONTEXT('2D SPACE',''
  ) );
#1543 = PCURVE('',#1544,#1549);
#1544 = PLANE('',#1545);
#1545 = AXIS2_PLACEMENT_3D('',#1546,#1547,#1548);
#1546 = CARTESIAN_POINT('',(-1.32,-2.59,0.));
#1547 = DIRECTION('',(0.,1.,0.));
#1548 = DIRECTION('',(1.,0.,0.));
#1549 = DEFINITIONAL_REPRESENTATION('',(#1550),#1554);
#1550 = LINE('',#1551,#1552);
#1551 = CARTESIAN_POINT('',(0.,-1.));
#1552 = VECTOR('',#1553,1.);
#1553 = DIRECTION('',(1.,0.));
#1554 = ( GEOMETRIC_REPRESENTATION_CONTEXT(2) 
PARAMETRIC_REPRESENTATION_CONTEXT() REPRESENTATION_CONTEXT('2D SPACE',''
  ) );
#1555 = ORIENTED_EDGE('',*,*,#1556,.T.);
#1556 = EDGE_CURVE('',#1528,#1557,#1559,.T.);
#1557 = VERTEX_POINT('',#1558);
#1558 = CARTESIAN_POINT('',(-1.173553390673,-2.443553390633,
    1.146446609367));
#1559 = SURFACE_CURVE('',#1560,(#1584,#1604),.PCURVE_S1.);
#1560 = B_SPLINE_CURVE_WITH_KNOTS('',8,(#1561,#1562,#1563,#1564,#1565,
    #1566,#1567,#1568,#1569,#1570,#1571,#1572,#1573,#1574,#1575,#1576,
    #1577,#1578,#1579,#1580,#1581,#1582,#1583),.UNSPECIFIED.,.F.,.F.,(9,
    7,7,9),(0.,0.683299388659,0.695727430145,1.),.UNSPECIFIED.);
#1561 = CARTESIAN_POINT('',(-0.82,-2.59,1.));
#1562 = CARTESIAN_POINT('',(-0.876136252145,-2.59,1.));
#1563 = CARTESIAN_POINT('',(-0.930422887386,-2.582797212012,
    1.007202787988));
#1564 = CARTESIAN_POINT('',(-0.981552522259,-2.569221569964,
    1.020778430036));
#1565 = CARTESIAN_POINT('',(-1.028670444517,-2.550424981,1.039575019));
#1566 = CARTESIAN_POINT('',(-1.071381778649,-2.527570360635,
    1.062429639365));
#1567 = CARTESIAN_POINT('',(-1.109630513895,-2.501669866093,
    1.088330133907));
#1568 = CARTESIAN_POINT('',(-1.14354769685,-2.473527416826,
    1.116472583174));
#1569 = CARTESIAN_POINT('',(-1.173908436109,-2.443198820079,
    1.146801179921));
#1570 = CARTESIAN_POINT('',(-1.174449953269,-2.442655981282,
    1.147344018718));
#1571 = CARTESIAN_POINT('',(-1.174993428299,-2.442109271938,
    1.147890728062));
#1572 = CARTESIAN_POINT('',(-1.17553800294,-2.441559527523,
    1.148440472477));
#1573 = CARTESIAN_POINT('',(-1.176082652727,-2.441007749867,
    1.148992250133));
#1574 = CARTESIAN_POINT('',(-1.176627635163,-2.440453661558,
    1.149546338442));
#1575 = CARTESIAN_POINT('',(-1.177173908003,-2.439896286804,
    1.150103713196));
#1576 = CARTESIAN_POINT('',(-1.191103021626,-2.42563287918,1.16436712082
    ));
#1577 = CARTESIAN_POINT('',(-1.204812757462,-2.410393826547,
    1.179606173453));
#1578 = CARTESIAN_POINT('',(-1.218328134934,-2.393862669438,
    1.196137330562));
#1579 = CARTESIAN_POINT('',(-1.231343427669,-2.376210148535,
    1.213789851465));
#1580 = CARTESIAN_POINT('',(-1.2436406742,-2.35760074096,1.23239925904)
  );
#1581 = CARTESIAN_POINT('',(-1.255087581367,-2.338158139134,
    1.251841860865));
#1582 = CARTESIAN_POINT('',(-1.265592400204,-2.317976198815,
    1.272023801185));
#1583 = CARTESIAN_POINT('',(-1.275089860562,-2.297106781187,
    1.292893218813));
#1584 = PCURVE('',#358,#1585);
#1585 = DEFINITIONAL_REPRESENTATION('',(#1586),#1603);
#1586 = B_SPLINE_CURVE_WITH_KNOTS('',8,(#1587,#1588,#1589,#1590,#1591,
    #1592,#1593,#1594,#1595,#1596,#1597,#1598,#1599,#1600,#1601,#1602),
  .UNSPECIFIED.,.F.,.F.,(9,7,9),(0.,0.683299388659,0.683835984675),
  .UNSPECIFIED.);
#1587 = CARTESIAN_POINT('',(0.878787878788,1.));
#1588 = CARTESIAN_POINT('',(0.780124162897,1.));
#1589 = CARTESIAN_POINT('',(0.676847301474,1.007202787988));
#1590 = CARTESIAN_POINT('',(0.570006580901,1.020778430036));
#1591 = CARTESIAN_POINT('',(0.460326130782,1.039575019));
#1592 = CARTESIAN_POINT('',(0.348326600585,1.062429639365));
#1593 = CARTESIAN_POINT('',(0.234352156887,1.088330133907));
#1594 = CARTESIAN_POINT('',(0.118536329238,1.116472583174));
#1595 = CARTESIAN_POINT('',(6.477271852729E-04,1.146282800396));
#1596 = CARTESIAN_POINT('',(5.552241068041E-04,1.146306194024));
#1597 = CARTESIAN_POINT('',(4.627241243047E-04,1.146329589868));
#1598 = CARTESIAN_POINT('',(3.702279234746E-04,1.146352988141));
#1599 = CARTESIAN_POINT('',(2.77736150901E-04,1.146376389044));
#1600 = CARTESIAN_POINT('',(1.852494157003E-04,1.146399792765));
#1601 = CARTESIAN_POINT('',(9.276829111686E-05,1.146423199484));
#1602 = CARTESIAN_POINT('',(2.933160806477E-07,1.146446609367));
#1603 = ( GEOMETRIC_REPRESENTATION_CONTEXT(2) 
PARAMETRIC_REPRESENTATION_CONTEXT() REPRESENTATION_CONTEXT('2D SPACE',''
  ) );
#1604 = PCURVE('',#1605,#1610);
#1605 = CYLINDRICAL_SURFACE('',#1606,0.5);
#1606 = AXIS2_PLACEMENT_3D('',#1607,#1608,#1609);
#1607 = CARTESIAN_POINT('',(-0.82,-2.09,1.));
#1608 = DIRECTION('',(0.,0.,1.));
#1609 = DIRECTION('',(0.,-1.,0.));
#1610 = DEFINITIONAL_REPRESENTATION('',(#1611),#1628);
#1611 = B_SPLINE_CURVE_WITH_KNOTS('',8,(#1612,#1613,#1614,#1615,#1616,
    #1617,#1618,#1619,#1620,#1621,#1622,#1623,#1624,#1625,#1626,#1627),
  .UNSPECIFIED.,.F.,.F.,(9,7,9),(0.,0.683299388659,0.683835984675),
  .UNSPECIFIED.);
#1612 = CARTESIAN_POINT('',(0.,-3.330648956843E-16));
#1613 = CARTESIAN_POINT('',(-0.11227250429,-3.330648956843E-16));
#1614 = CARTESIAN_POINT('',(-0.220844933072,7.202787987842E-03));
#1615 = CARTESIAN_POINT('',(-0.325264146587,2.077843003632E-02));
#1616 = CARTESIAN_POINT('',(-0.425366336521,3.957501900042E-02));
#1617 = CARTESIAN_POINT('',(-0.521162704057,6.242963936452E-02));
#1618 = CARTESIAN_POINT('',(-0.612803771175,8.83301339068E-02));
#1619 = CARTESIAN_POINT('',(-0.700574018093,0.116472583174));
#1620 = CARTESIAN_POINT('',(-0.784934736342,0.146282800396));
#1621 = CARTESIAN_POINT('',(-0.785000933582,0.146306194024));
#1622 = CARTESIAN_POINT('',(-0.785067132088,0.146329589868));
#1623 = CARTESIAN_POINT('',(-0.78513333246,0.146352988141));
#1624 = CARTESIAN_POINT('',(-0.785199535264,0.146376389044));
#1625 = CARTESIAN_POINT('',(-0.785265741035,0.146399792765));
#1626 = CARTESIAN_POINT('',(-0.785331950274,0.146423199484));
#1627 = CARTESIAN_POINT('',(-0.785398163454,0.146446609367));
#1628 = ( GEOMETRIC_REPRESENTATION_CONTEXT(2) 
PARAMETRIC_REPRESENTATION_CONTEXT() REPRESENTATION_CONTEXT('2D SPACE',''
  ) );
#1629 = ORIENTED_EDGE('',*,*,#1630,.F.);
#1630 = EDGE_CURVE('',#341,#1557,#1631,.T.);
#1631 = SURFACE_CURVE('',#1632,(#1639,#1646),.PCURVE_S1.);
#1632 = B_SPLINE_CURVE_WITH_KNOTS('',5,(#1633,#1634,#1635,#1636,#1637,
    #1638),.UNSPECIFIED.,.F.,.F.,(6,6),(0.,1.146446609407),
  .PIECEWISE_BEZIER_KNOTS.);
#1633 = CARTESIAN_POINT('',(-2.32,-3.59,0.));
#1634 = CARTESIAN_POINT('',(-2.090710678119,-3.360710678119,
    0.229289321881));
#1635 = CARTESIAN_POINT('',(-1.861421356237,-3.131421356237,
    0.458578643763));
#1636 = CARTESIAN_POINT('',(-1.632132034356,-2.902132034356,
    0.687867965644));
#1637 = CARTESIAN_POINT('',(-1.402842712475,-2.672842712475,
    0.917157287525));
#1638 = CARTESIAN_POINT('',(-1.173553390593,-2.443553390593,
    1.146446609407));
#1639 = PCURVE('',#358,#1640);
#1640 = DEFINITIONAL_REPRESENTATION('',(#1641),#1645);
#1641 = LINE('',#1642,#1643);
#1642 = CARTESIAN_POINT('',(-1.240519349932E-15,7.807553719414E-16));
#1643 = VECTOR('',#1644,1.);
#1644 = DIRECTION('',(1.06855778328E-15,1.));
#1645 = ( GEOMETRIC_REPRESENTATION_CONTEXT(2) 
PARAMETRIC_REPRESENTATION_CONTEXT() REPRESENTATION_CONTEXT('2D SPACE',''
  ) );
#1646 = PCURVE('',#527,#1647);
#1647 = DEFINITIONAL_REPRESENTATION('',(#1648),#1652);
#1648 = LINE('',#1649,#1650);
#1649 = CARTESIAN_POINT('',(7.18,-4.346605883292E-16));
#1650 = VECTOR('',#1651,1.);
#1651 = DIRECTION('',(-1.549445761211E-15,1.));
#1652 = ( GEOMETRIC_REPRESENTATION_CONTEXT(2) 
PARAMETRIC_REPRESENTATION_CONTEXT() REPRESENTATION_CONTEXT('2D SPACE',''
  ) );
#1653 = ORIENTED_EDGE('',*,*,#340,.T.);
#1654 = ORIENTED_EDGE('',*,*,#1655,.F.);
#1655 = EDGE_CURVE('',#1656,#343,#1658,.T.);
#1656 = VERTEX_POINT('',#1657);
#1657 = CARTESIAN_POINT('',(1.173553390712,-2.443553390653,
    1.146446609347));
#1658 = SURFACE_CURVE('',#1659,(#1674,#1703),.PCURVE_S1.);
#1659 = B_SPLINE_CURVE_WITH_KNOTS('',7,(#1660,#1661,#1662,#1663,#1664,
    #1665,#1666,#1667,#1668,#1669,#1670,#1671,#1672,#1673),
  .UNSPECIFIED.,.F.,.F.,(8,6,8),(9.491609507796E-02,0.105765720905,
    0.179811709827),.UNSPECIFIED.);
#1660 = CARTESIAN_POINT('',(1.173553390593,-2.443553390593,
    1.146446609407));
#1661 = CARTESIAN_POINT('',(1.194460108337,-2.464460108337,
    1.125539891663));
#1662 = CARTESIAN_POINT('',(1.215372671402,-2.485372671402,
    1.104627328598));
#1663 = CARTESIAN_POINT('',(1.236290347154,-2.506290347154,
    1.083709652846));
#1664 = CARTESIAN_POINT('',(1.25721247369,-2.52721247369,1.06278752631)
  );
#1665 = CARTESIAN_POINT('',(1.278138459843,-2.548138459843,
    1.041861540157));
#1666 = CARTESIAN_POINT('',(1.29906778518,-2.56906778518,1.02093221482)
  );
#1667 = CARTESIAN_POINT('',(1.462857142857,-2.732857142857,
    0.857142857143));
#1668 = CARTESIAN_POINT('',(1.605714285714,-2.875714285714,
    0.714285714286));
#1669 = CARTESIAN_POINT('',(1.748571428571,-3.018571428571,
    0.571428571429));
#1670 = CARTESIAN_POINT('',(1.891428571429,-3.161428571429,
    0.428571428571));
#1671 = CARTESIAN_POINT('',(2.034285714286,-3.304285714286,
    0.285714285714));
#1672 = CARTESIAN_POINT('',(2.177142857143,-3.447142857143,
    0.142857142857));
#1673 = CARTESIAN_POINT('',(2.32,-3.59,0.));
#1674 = PCURVE('',#358,#1675);
#1675 = DEFINITIONAL_REPRESENTATION('',(#1676),#1702);
#1676 = B_SPLINE_CURVE_WITH_KNOTS('',3,(#1677,#1678,#1679,#1680,#1681,
    #1682,#1683,#1684,#1685,#1686,#1687,#1688,#1689,#1690,#1691,#1692,
    #1693,#1694,#1695,#1696,#1697,#1698,#1699,#1700,#1701),
  .UNSPECIFIED.,.F.,.F.,(4,1,1,1,1,1,1,1,1,1,1,1,1,1,1,1,1,1,1,1,1,1,4),
  (9.491609507796E-02,9.877498665746E-02,0.102633878237,0.106492769816,
    0.110351661396,0.114210552975,0.118069444555,0.121928336134,
    0.125787227714,0.129646119293,0.133505010873,0.137363902452,
    0.141222794032,0.145081685611,0.148940577191,0.15279946877,
    0.15665836035,0.160517251929,0.164376143509,0.168235035088,
    0.172093926668,0.175952818247,0.179811709827),
  .QUASI_UNIFORM_KNOTS.);
#1677 = CARTESIAN_POINT('',(4.64,1.146446609407));
#1678 = CARTESIAN_POINT('',(4.64,1.129096121352));
#1679 = CARTESIAN_POINT('',(4.64,1.094384863509));
#1680 = CARTESIAN_POINT('',(4.64,1.042294072717));
#1681 = CARTESIAN_POINT('',(4.64,0.990181609836));
#1682 = CARTESIAN_POINT('',(4.64,0.938066189154));
#1683 = CARTESIAN_POINT('',(4.64,0.885951561013));
#1684 = CARTESIAN_POINT('',(4.64,0.833836720511));
#1685 = CARTESIAN_POINT('',(4.64,0.781721936911));
#1686 = CARTESIAN_POINT('',(4.64,0.729607138065));
#1687 = CARTESIAN_POINT('',(4.64,0.677492343303));
#1688 = CARTESIAN_POINT('',(4.64,0.625377547447));
#1689 = CARTESIAN_POINT('',(4.64,0.573262751885));
#1690 = CARTESIAN_POINT('',(4.64,0.521147956243));
#1691 = CARTESIAN_POINT('',(4.64,0.469033160623));
#1692 = CARTESIAN_POINT('',(4.64,0.416918364997));
#1693 = CARTESIAN_POINT('',(4.64,0.364803569373));
#1694 = CARTESIAN_POINT('',(4.64,0.312688773748));
#1695 = CARTESIAN_POINT('',(4.64,0.260573978123));
#1696 = CARTESIAN_POINT('',(4.64,0.208459182499));
#1697 = CARTESIAN_POINT('',(4.64,0.156344386874));
#1698 = CARTESIAN_POINT('',(4.64,0.104229591249));
#1699 = CARTESIAN_POINT('',(4.64,5.211479562469E-02));
#1700 = CARTESIAN_POINT('',(4.64,1.737159854156E-02));
#1701 = CARTESIAN_POINT('',(4.64,3.530010982031E-16));
#1702 = ( GEOMETRIC_REPRESENTATION_CONTEXT(2) 
PARAMETRIC_REPRESENTATION_CONTEXT() REPRESENTATION_CONTEXT('2D SPACE',''
  ) );
#1703 = PCURVE('',#863,#1704);
#1704 = DEFINITIONAL_REPRESENTATION('',(#1705),#1731);
#1705 = B_SPLINE_CURVE_WITH_KNOTS('',3,(#1706,#1707,#1708,#1709,#1710,
    #1711,#1712,#1713,#1714,#1715,#1716,#1717,#1718,#1719,#1720,#1721,
    #1722,#1723,#1724,#1725,#1726,#1727,#1728,#1729,#1730),
  .UNSPECIFIED.,.F.,.F.,(4,1,1,1,1,1,1,1,1,1,1,1,1,1,1,1,1,1,1,1,1,1,4),
  (9.491609507796E-02,9.877498665746E-02,0.102633878237,0.106492769816,
    0.110351661396,0.114210552975,0.118069444555,0.121928336134,
    0.125787227714,0.129646119293,0.133505010873,0.137363902452,
    0.141222794032,0.145081685611,0.148940577191,0.15279946877,
    0.15665836035,0.160517251929,0.164376143509,0.168235035088,
    0.172093926668,0.175952818247,0.179811709827),
  .QUASI_UNIFORM_KNOTS.);
#1706 = CARTESIAN_POINT('',(-1.881614911085E-15,1.146446609407));
#1707 = CARTESIAN_POINT('',(-1.60885520642E-15,1.129096121352));
#1708 = CARTESIAN_POINT('',(-2.164252207639E-15,1.094384863509));
#1709 = CARTESIAN_POINT('',(-4.153724153258E-15,1.042294072717));
#1710 = CARTESIAN_POINT('',(-9.06139700103E-16,0.990181609836));
#1711 = CARTESIAN_POINT('',(-8.927761970824E-16,0.938066189154));
#1712 = CARTESIAN_POINT('',(-8.907100086717E-16,0.885951561013));
#1713 = CARTESIAN_POINT('',(-2.473352098227E-15,0.833836720511));
#1714 = CARTESIAN_POINT('',(-1.176515041032E-15,0.781721936911));
#1715 = CARTESIAN_POINT('',(-1.993349393915E-17,0.729607138065));
#1716 = CARTESIAN_POINT('',(-1.18180905319E-15,0.677492343303));
#1717 = CARTESIAN_POINT('',(-1.140464567378E-15,0.625377547447));
#1718 = CARTESIAN_POINT('',(-3.669327747496E-16,0.573262751885));
#1719 = CARTESIAN_POINT('',(-2.139935264033E-15,0.521147956243));
#1720 = CARTESIAN_POINT('',(1.255105811622E-15,0.469033160623));
#1721 = CARTESIAN_POINT('',(3.168889904147E-16,0.416918364997));
#1722 = CARTESIAN_POINT('',(2.311341830879E-15,0.364803569373));
#1723 = CARTESIAN_POINT('',(-3.110740487655E-16,0.312688773748));
#1724 = CARTESIAN_POINT('',(-4.911238604828E-15,0.260573978123));
#1725 = CARTESIAN_POINT('',(8.61656062006E-16,0.208459182499));
#1726 = CARTESIAN_POINT('',(-4.372089955769E-16,0.156344386874));
#1727 = CARTESIAN_POINT('',(-1.843122021693E-15,0.104229591249));
#1728 = CARTESIAN_POINT('',(-2.941791553293E-16,5.211479562469E-02));
#1729 = CARTESIAN_POINT('',(3.656082632436E-16,1.737159854156E-02));
#1730 = CARTESIAN_POINT('',(3.297492915199E-16,-1.3041882774E-16));
#1731 = ( GEOMETRIC_REPRESENTATION_CONTEXT(2) 
PARAMETRIC_REPRESENTATION_CONTEXT() REPRESENTATION_CONTEXT('2D SPACE',''
  ) );
#1732 = ORIENTED_EDGE('',*,*,#1733,.F.);
#1733 = EDGE_CURVE('',#1530,#1656,#1734,.T.);
#1734 = SURFACE_CURVE('',#1735,(#1766,#1786),.PCURVE_S1.);
#1735 = B_SPLINE_CURVE_WITH_KNOTS('',8,(#1736,#1737,#1738,#1739,#1740,
    #1741,#1742,#1743,#1744,#1745,#1746,#1747,#1748,#1749,#1750,#1751,
    #1752,#1753,#1754,#1755,#1756,#1757,#1758,#1759,#1760,#1761,#1762,
    #1763,#1764,#1765),.UNSPECIFIED.,.F.,.F.,(9,7,7,7,9),(0.,
    0.628005914602,0.654635162583,0.930861242444,1.),.UNSPECIFIED.);
#1736 = CARTESIAN_POINT('',(0.82,-2.59,1.));
#1737 = CARTESIAN_POINT('',(0.874032065015,-2.59,1.));
#1738 = CARTESIAN_POINT('',(0.926364885684,-2.58332705292,1.00667294708)
  );
#1739 = CARTESIAN_POINT('',(0.97582037568,-2.570715058495,1.019284941505
    ));
#1740 = CARTESIAN_POINT('',(1.021612781376,-2.553183383702,
    1.036816616298));
#1741 = CARTESIAN_POINT('',(1.063358475225,-2.531772566699,
    1.058227433301));
#1742 = CARTESIAN_POINT('',(1.100976711813,-2.507401440103,
    1.082598559897));
#1743 = CARTESIAN_POINT('',(1.134561803693,-2.480811442091,
    1.109188557909));
#1744 = CARTESIAN_POINT('',(1.165568462971,-2.45136610649,1.13863389351)
  );
#1745 = CARTESIAN_POINT('',(1.166822945666,-2.450165248302,
    1.139834751698));
#1746 = CARTESIAN_POINT('',(1.168069758213,-2.448962240922,
    1.141037759078));
#1747 = CARTESIAN_POINT('',(1.16931189775,-2.447754112247,1.142245887753
    ));
#1748 = CARTESIAN_POINT('',(1.170543102507,-2.446547247065,
    1.143452752935));
#1749 = CARTESIAN_POINT('',(1.171772379946,-2.445332607776,
    1.144667392224));
#1750 = CARTESIAN_POINT('',(1.172990531945,-2.444119531298,
    1.145880468702));
#1751 = CARTESIAN_POINT('',(1.186796440562,-2.430262635419,
    1.159737364581));
#1752 = CARTESIAN_POINT('',(1.198846355943,-2.417137354933,
    1.172862645067));
#1753 = CARTESIAN_POINT('',(1.21034226388,-2.403545197054,1.186454802946
    ));
#1754 = CARTESIAN_POINT('',(1.221272607055,-2.38950403155,1.20049596845)
  );
#1755 = CARTESIAN_POINT('',(1.231625643654,-2.375030254866,
    1.214969745134));
#1756 = CARTESIAN_POINT('',(1.241388889855,-2.360139353541,
    1.229860646459));
#1757 = CARTESIAN_POINT('',(1.250548562315,-2.344846467626,
    1.245153532374));
#1758 = CARTESIAN_POINT('',(1.261226677901,-2.32524240764,1.26475759236)
  );
#1759 = CARTESIAN_POINT('',(1.263325538673,-2.321293654386,
    1.268706345614));
#1760 = CARTESIAN_POINT('',(1.265385358856,-2.317320939287,
    1.272679060713));
#1761 = CARTESIAN_POINT('',(1.267405887954,-2.313324511177,
    1.276675488823));
#1762 = CARTESIAN_POINT('',(1.269386869101,-2.30930462277,1.28069537723)
  );
#1763 = CARTESIAN_POINT('',(1.271328039055,-2.305261530667,
    1.284738469333));
#1764 = CARTESIAN_POINT('',(1.273229128204,-2.30119549535,1.28880450465)
  );
#1765 = CARTESIAN_POINT('',(1.275089860562,-2.297106781187,
    1.292893218813));
#1766 = PCURVE('',#358,#1767);
#1767 = DEFINITIONAL_REPRESENTATION('',(#1768),#1785);
#1768 = B_SPLINE_CURVE_WITH_KNOTS('',8,(#1769,#1770,#1771,#1772,#1773,
    #1774,#1775,#1776,#1777,#1778,#1779,#1780,#1781,#1782,#1783,#1784),
  .UNSPECIFIED.,.F.,.F.,(9,7,9),(0.,0.628005914602,0.652851632022),
  .UNSPECIFIED.);
#1769 = CARTESIAN_POINT('',(3.761212121212,1.));
#1770 = CARTESIAN_POINT('',(3.856177568815,1.));
#1771 = CARTESIAN_POINT('',(3.955442044534,1.00667294708));
#1772 = CARTESIAN_POINT('',(4.058054666515,1.019284941505));
#1773 = CARTESIAN_POINT('',(4.163345848078,1.036816616298));
#1774 = CARTESIAN_POINT('',(4.270830009884,1.058227433301));
#1775 = CARTESIAN_POINT('',(4.380182451017,1.082598559897));
#1776 = CARTESIAN_POINT('',(4.491266025927,1.109188557909));
#1777 = CARTESIAN_POINT('',(4.608650604767,1.138553670725));
#1778 = CARTESIAN_POINT('',(4.613120395025,1.139673907256));
#1779 = CARTESIAN_POINT('',(4.617594969669,1.140796069052));
#1780 = CARTESIAN_POINT('',(4.622067021901,1.141922357771));
#1781 = CARTESIAN_POINT('',(4.626550205377,1.143048557227));
#1782 = CARTESIAN_POINT('',(4.631027755626,1.14417975264));
#1783 = CARTESIAN_POINT('',(4.63551353934,1.145311675368));
#1784 = CARTESIAN_POINT('',(4.63999997022,1.146446609347));
#1785 = ( GEOMETRIC_REPRESENTATION_CONTEXT(2) 
PARAMETRIC_REPRESENTATION_CONTEXT() REPRESENTATION_CONTEXT('2D SPACE',''
  ) );
#1786 = PCURVE('',#1787,#1792);
#1787 = CYLINDRICAL_SURFACE('',#1788,0.5);
#1788 = AXIS2_PLACEMENT_3D('',#1789,#1790,#1791);
#1789 = CARTESIAN_POINT('',(0.82,-2.09,1.));
#1790 = DIRECTION('',(0.,0.,1.));
#1791 = DIRECTION('',(0.,-1.,0.));
#1792 = DEFINITIONAL_REPRESENTATION('',(#1793),#1810);
#1793 = B_SPLINE_CURVE_WITH_KNOTS('',8,(#1794,#1795,#1796,#1797,#1798,
    #1799,#1800,#1801,#1802,#1803,#1804,#1805,#1806,#1807,#1808,#1809),
  .UNSPECIFIED.,.F.,.F.,(9,7,9),(0.,0.628005914602,0.652851632022),
  .UNSPECIFIED.);
#1794 = CARTESIAN_POINT('',(0.,-5.551098182467E-16));
#1795 = CARTESIAN_POINT('',(0.10806413003,-5.551098182467E-16));
#1796 = CARTESIAN_POINT('',(0.212729118135,6.672947079748E-03));
#1797 = CARTESIAN_POINT('',(0.313565746269,1.928494150468E-02));
#1798 = CARTESIAN_POINT('',(0.410406632863,3.68166162976E-02));
#1799 = CARTESIAN_POINT('',(0.503246025184,5.822743330114E-02));
#1800 = CARTESIAN_POINT('',(0.592206914228,8.259855989747E-02));
#1801 = CARTESIAN_POINT('',(0.677534671565,0.109188557909));
#1802 = CARTESIAN_POINT('',(0.762822214265,0.138553670725));
#1803 = CARTESIAN_POINT('',(0.766063122108,0.139673907256));
#1804 = CARTESIAN_POINT('',(0.769297122278,0.140796069052));
#1805 = CARTESIAN_POINT('',(0.772530527233,0.141922357771));
#1806 = CARTESIAN_POINT('',(0.775751591087,0.143048557227));
#1807 = CARTESIAN_POINT('',(0.778974745854,0.14417975264));
#1808 = CARTESIAN_POINT('',(0.782188085605,0.145311675368));
#1809 = CARTESIAN_POINT('',(0.785398163481,0.146446609347));
#1810 = ( GEOMETRIC_REPRESENTATION_CONTEXT(2) 
PARAMETRIC_REPRESENTATION_CONTEXT() REPRESENTATION_CONTEXT('2D SPACE',''
  ) );
#1811 = ADVANCED_FACE('',(#1812),#863,.F.);
#1812 = FACE_BOUND('',#1813,.F.);
#1813 = EDGE_LOOP('',(#1814,#1843,#1903,#1904,#1905,#1931));
#1814 = ORIENTED_EDGE('',*,*,#1815,.F.);
#1815 = EDGE_CURVE('',#1816,#1818,#1820,.T.);
#1816 = VERTEX_POINT('',#1817);
#1817 = CARTESIAN_POINT('',(1.32,-2.09,1.));
#1818 = VERTEX_POINT('',#1819);
#1819 = CARTESIAN_POINT('',(1.32,2.09,1.));
#1820 = SURFACE_CURVE('',#1821,(#1825,#1831),.PCURVE_S1.);
#1821 = LINE('',#1822,#1823);
#1822 = CARTESIAN_POINT('',(1.32,-2.59,1.));
#1823 = VECTOR('',#1824,1.);
#1824 = DIRECTION('',(0.,1.,0.));
#1825 = PCURVE('',#863,#1826);
#1826 = DEFINITIONAL_REPRESENTATION('',(#1827),#1830);
#1827 = B_SPLINE_CURVE_WITH_KNOTS('',1,(#1828,#1829),.UNSPECIFIED.,.F.,
  .F.,(2,2),(0.,5.18),.PIECEWISE_BEZIER_KNOTS.);
#1828 = CARTESIAN_POINT('',(0.,1.));
#1829 = CARTESIAN_POINT('',(7.18,1.));
#1830 = ( GEOMETRIC_REPRESENTATION_CONTEXT(2) 
PARAMETRIC_REPRESENTATION_CONTEXT() REPRESENTATION_CONTEXT('2D SPACE',''
  ) );
#1831 = PCURVE('',#1832,#1837);
#1832 = PLANE('',#1833);
#1833 = AXIS2_PLACEMENT_3D('',#1834,#1835,#1836);
#1834 = CARTESIAN_POINT('',(1.32,-2.59,0.));
#1835 = DIRECTION('',(-1.,0.,0.));
#1836 = DIRECTION('',(0.,1.,0.));
#1837 = DEFINITIONAL_REPRESENTATION('',(#1838),#1842);
#1838 = LINE('',#1839,#1840);
#1839 = CARTESIAN_POINT('',(0.,-1.));
#1840 = VECTOR('',#1841,1.);
#1841 = DIRECTION('',(1.,0.));
#1842 = ( GEOMETRIC_REPRESENTATION_CONTEXT(2) 
PARAMETRIC_REPRESENTATION_CONTEXT() REPRESENTATION_CONTEXT('2D SPACE',''
  ) );
#1843 = ORIENTED_EDGE('',*,*,#1844,.F.);
#1844 = EDGE_CURVE('',#1656,#1816,#1845,.T.);
#1845 = SURFACE_CURVE('',#1846,(#1867,#1885),.PCURVE_S1.);
#1846 = B_SPLINE_CURVE_WITH_KNOTS('',7,(#1847,#1848,#1849,#1850,#1851,
    #1852,#1853,#1854,#1855,#1856,#1857,#1858,#1859,#1860,#1861,#1862,
    #1863,#1864,#1865,#1866),.UNSPECIFIED.,.F.,.F.,(8,6,6,8),(0.,
    0.323583441575,0.33538257657,1.),.UNSPECIFIED.);
#1847 = CARTESIAN_POINT('',(1.027106781187,-2.545089860562,
    1.292893218813));
#1848 = CARTESIAN_POINT('',(1.050156723392,-2.534600065578,
    1.269843276608));
#1849 = CARTESIAN_POINT('',(1.072473242701,-2.522799963954,
    1.247526757299));
#1850 = CARTESIAN_POINT('',(1.093967243147,-2.509759019212,
    1.226032756853));
#1851 = CARTESIAN_POINT('',(1.114543206422,-2.495562038503,
    1.205456793578));
#1852 = CARTESIAN_POINT('',(1.134101693449,-2.480315782262,
    1.185898306551));
#1853 = CARTESIAN_POINT('',(1.152544048357,-2.464160674297,
    1.167455951643));
#1854 = CARTESIAN_POINT('',(1.170407770625,-2.446672353566,
    1.149592229375));
#1855 = CARTESIAN_POINT('',(1.171035909731,-2.446054887583,
    1.148964090269));
#1856 = CARTESIAN_POINT('',(1.171664026476,-2.445434910022,
    1.148335973524));
#1857 = CARTESIAN_POINT('',(1.172292655298,-2.444811859453,
    1.147707344702));
#1858 = CARTESIAN_POINT('',(1.172921364473,-2.444186142767,
    1.147078635527));
#1859 = CARTESIAN_POINT('',(1.173549249781,-2.443558650312,
    1.146450750219));
#1860 = CARTESIAN_POINT('',(1.209543459523,-2.407437103652,
    1.110456540477));
#1861 = CARTESIAN_POINT('',(1.241779125712,-2.366788812271,
    1.078220874288));
#1862 = CARTESIAN_POINT('',(1.270190467098,-2.320818823447,
    1.049809532902));
#1863 = CARTESIAN_POINT('',(1.293681107522,-2.269490918331,
    1.026318892478));
#1864 = CARTESIAN_POINT('',(1.310826237213,-2.21312412726,1.009173762787
    ));
#1865 = CARTESIAN_POINT('',(1.32,-2.152701827752,1.));
#1866 = CARTESIAN_POINT('',(1.32,-2.09,1.));
#1867 = PCURVE('',#863,#1868);
#1868 = DEFINITIONAL_REPRESENTATION('',(#1869),#1884);
#1869 = B_SPLINE_CURVE_WITH_KNOTS('',7,(#1870,#1871,#1872,#1873,#1874,
    #1875,#1876,#1877,#1878,#1879,#1880,#1881,#1882,#1883),
  .UNSPECIFIED.,.F.,.F.,(8,6,8),(0.33370828002,0.33538257657,1.),
  .UNSPECIFIED.);
#1870 = CARTESIAN_POINT('',(-7.285587564471E-08,1.146446609367));
#1871 = CARTESIAN_POINT('',(2.617008197089E-04,1.146357490328));
#1872 = CARTESIAN_POINT('',(5.235733480541E-04,1.146268377408));
#1873 = CARTESIAN_POINT('',(7.855320147181E-04,1.146179270378));
#1874 = CARTESIAN_POINT('',(1.047561622557E-03,1.146090168651));
#1875 = CARTESIAN_POINT('',(1.309644055587E-03,1.146001071182));
#1876 = CARTESIAN_POINT('',(1.571757781152E-03,1.145911976361));
#1877 = CARTESIAN_POINT('',(0.105883063107,1.110456540477));
#1878 = CARTESIAN_POINT('',(0.209397824367,1.078220874288));
#1879 = CARTESIAN_POINT('',(0.312192861814,1.049809532902));
#1880 = CARTESIAN_POINT('',(0.413526659178,1.026318892478));
#1881 = CARTESIAN_POINT('',(0.512126889523,1.009173762787));
#1882 = CARTESIAN_POINT('',(0.606139165394,1.));
#1883 = CARTESIAN_POINT('',(0.69305019305,1.));
#1884 = ( GEOMETRIC_REPRESENTATION_CONTEXT(2) 
PARAMETRIC_REPRESENTATION_CONTEXT() REPRESENTATION_CONTEXT('2D SPACE',''
  ) );
#1885 = PCURVE('',#1787,#1886);
#1886 = DEFINITIONAL_REPRESENTATION('',(#1887),#1902);
#1887 = B_SPLINE_CURVE_WITH_KNOTS('',7,(#1888,#1889,#1890,#1891,#1892,
    #1893,#1894,#1895,#1896,#1897,#1898,#1899,#1900,#1901),
  .UNSPECIFIED.,.F.,.F.,(8,6,8),(0.33370828002,0.33538257657,1.),
  .UNSPECIFIED.);
#1888 = CARTESIAN_POINT('',(0.78539816334,0.146446609367));
#1889 = CARTESIAN_POINT('',(0.785650230044,0.146357490328));
#1890 = CARTESIAN_POINT('',(0.785902353583,0.146268377408));
#1891 = CARTESIAN_POINT('',(0.786154534692,0.146179270378));
#1892 = CARTESIAN_POINT('',(0.78640677512,0.146090168651));
#1893 = CARTESIAN_POINT('',(0.786659077901,0.146001071182));
#1894 = CARTESIAN_POINT('',(0.78691144768,0.145911976361));
#1895 = CARTESIAN_POINT('',(0.887372106934,0.110456540477));
#1896 = CARTESIAN_POINT('',(0.990467170942,7.822087428756E-02));
#1897 = CARTESIAN_POINT('',(1.097341423479,4.980953290245E-02));
#1898 = CARTESIAN_POINT('',(1.20858850505,2.631889247762E-02));
#1899 = CARTESIAN_POINT('',(1.324549180742,9.173762787375E-03));
#1900 = CARTESIAN_POINT('',(1.445392671291,9.953619248649E-16));
#1901 = CARTESIAN_POINT('',(1.570796326795,9.992013044978E-16));
#1902 = ( GEOMETRIC_REPRESENTATION_CONTEXT(2) 
PARAMETRIC_REPRESENTATION_CONTEXT() REPRESENTATION_CONTEXT('2D SPACE',''
  ) );
#1903 = ORIENTED_EDGE('',*,*,#1655,.T.);
#1904 = ORIENTED_EDGE('',*,*,#849,.T.);
#1905 = ORIENTED_EDGE('',*,*,#1906,.F.);
#1906 = EDGE_CURVE('',#1907,#681,#1909,.T.);
#1907 = VERTEX_POINT('',#1908);
#1908 = CARTESIAN_POINT('',(1.17355339062,2.443553390648,1.14644660938)
  );
#1909 = SURFACE_CURVE('',#1910,(#1919,#1925),.PCURVE_S1.);
#1910 = B_SPLINE_CURVE_WITH_KNOTS('',7,(#1911,#1912,#1913,#1914,#1915,
    #1916,#1917,#1918),.UNSPECIFIED.,.F.,.F.,(8,8),(0.266404844711,
    0.526656278096),.PIECEWISE_BEZIER_KNOTS.);
#1911 = CARTESIAN_POINT('',(1.173553390593,2.443553390593,1.146446609407
    ));
#1912 = CARTESIAN_POINT('',(1.337331477652,2.607331477652,0.982668522348
    ));
#1913 = CARTESIAN_POINT('',(1.50110956471,2.77110956471,0.81889043529));
#1914 = CARTESIAN_POINT('',(1.664887651767,2.934887651767,0.655112348233
    ));
#1915 = CARTESIAN_POINT('',(1.828665738824,3.098665738822,0.491334261177
    ));
#1916 = CARTESIAN_POINT('',(1.992443825885,3.262443825921,0.327556174105
    ));
#1917 = CARTESIAN_POINT('',(2.156221913008,3.426221912728,0.163778087055
    ));
#1918 = CARTESIAN_POINT('',(2.32,3.59,0.));
#1919 = PCURVE('',#863,#1920);
#1920 = DEFINITIONAL_REPRESENTATION('',(#1921),#1924);
#1921 = B_SPLINE_CURVE_WITH_KNOTS('',1,(#1922,#1923),.UNSPECIFIED.,.F.,
  .F.,(2,2),(0.266404844711,0.526656278096),.PIECEWISE_BEZIER_KNOTS.);
#1922 = CARTESIAN_POINT('',(7.18,1.146446609407));
#1923 = CARTESIAN_POINT('',(7.18,-4.346605883292E-16));
#1924 = ( GEOMETRIC_REPRESENTATION_CONTEXT(2) 
PARAMETRIC_REPRESENTATION_CONTEXT() REPRESENTATION_CONTEXT('2D SPACE',''
  ) );
#1925 = PCURVE('',#696,#1926);
#1926 = DEFINITIONAL_REPRESENTATION('',(#1927),#1930);
#1927 = B_SPLINE_CURVE_WITH_KNOTS('',1,(#1928,#1929),.UNSPECIFIED.,.F.,
  .F.,(2,2),(0.266404844711,0.526656278096),.PIECEWISE_BEZIER_KNOTS.);
#1928 = CARTESIAN_POINT('',(1.025719177402E-15,1.146446609407));
#1929 = CARTESIAN_POINT('',(-1.240519349932E-15,7.807553719414E-16));
#1930 = ( GEOMETRIC_REPRESENTATION_CONTEXT(2) 
PARAMETRIC_REPRESENTATION_CONTEXT() REPRESENTATION_CONTEXT('2D SPACE',''
  ) );
#1931 = ORIENTED_EDGE('',*,*,#1932,.F.);
#1932 = EDGE_CURVE('',#1818,#1907,#1933,.T.);
#1933 = SURFACE_CURVE('',#1934,(#1955,#1973),.PCURVE_S1.);
#1934 = B_SPLINE_CURVE_WITH_KNOTS('',7,(#1935,#1936,#1937,#1938,#1939,
    #1940,#1941,#1942,#1943,#1944,#1945,#1946,#1947,#1948,#1949,#1950,
    #1951,#1952,#1953,#1954),.UNSPECIFIED.,.F.,.F.,(8,6,6,8),(0.,
    0.63240444926,0.658161364879,1.),.UNSPECIFIED.);
#1935 = CARTESIAN_POINT('',(1.32,2.09,1.));
#1936 = CARTESIAN_POINT('',(1.32,2.15054216926,1.));
#1937 = CARTESIAN_POINT('',(1.311447326334,2.208978399511,1.008552673666
    ));
#1938 = CARTESIAN_POINT('',(1.295414428515,2.263689063482,1.024585571485
    ));
#1939 = CARTESIAN_POINT('',(1.27336106751,2.313754551619,1.04663893249)
  );
#1940 = CARTESIAN_POINT('',(1.246586383454,2.358850723309,1.073413616546
    ));
#1941 = CARTESIAN_POINT('',(1.216105874829,2.398983199002,1.103894125171
    ));
#1942 = CARTESIAN_POINT('',(1.181215183306,2.435727527886,1.138784816694
    ));
#1943 = CARTESIAN_POINT('',(1.17984469393,2.437157499569,1.14015530607)
  );
#1944 = CARTESIAN_POINT('',(1.178469431887,2.438579241565,1.141530568113
    ));
#1945 = CARTESIAN_POINT('',(1.177089060322,2.439993143073,1.142910939678
    ));
#1946 = CARTESIAN_POINT('',(1.175703766592,2.441399072098,1.144296233408
    ));
#1947 = CARTESIAN_POINT('',(1.174314053498,2.442796582955,1.145685946502
    ));
#1948 = CARTESIAN_POINT('',(1.154406792161,2.462632615643,1.165593207839
    ));
#1949 = CARTESIAN_POINT('',(1.134987661525,2.479732695815,1.185012338475
    ));
#1950 = CARTESIAN_POINT('',(1.114754665993,2.495489214295,1.205245334007
    ));
#1951 = CARTESIAN_POINT('',(1.093787399438,2.509904880388,1.226212600562
    ));
#1952 = CARTESIAN_POINT('',(1.07215360615,2.522980366043,1.24784639385)
  );
#1953 = CARTESIAN_POINT('',(1.049910616264,2.534712066437,1.270089383736
    ));
#1954 = CARTESIAN_POINT('',(1.027106781187,2.545089860562,1.292893218813
    ));
#1955 = PCURVE('',#863,#1956);
#1956 = DEFINITIONAL_REPRESENTATION('',(#1957),#1972);
#1957 = B_SPLINE_CURVE_WITH_KNOTS('',7,(#1958,#1959,#1960,#1961,#1962,
    #1963,#1964,#1965,#1966,#1967,#1968,#1969,#1970,#1971),
  .UNSPECIFIED.,.F.,.F.,(8,6,8),(0.,0.63240444926,0.656487177879),
  .UNSPECIFIED.);
#1958 = CARTESIAN_POINT('',(6.48694980695,1.));
#1959 = CARTESIAN_POINT('',(6.570867331136,1.));
#1960 = CARTESIAN_POINT('',(6.661432057242,1.008552673666));
#1961 = CARTESIAN_POINT('',(6.756363461932,1.024585571485));
#1962 = CARTESIAN_POINT('',(6.853951805525,1.04663893249));
#1963 = CARTESIAN_POINT('',(6.953012646683,1.073413616546));
#1964 = CARTESIAN_POINT('',(7.0528389171,1.103894125171));
#1965 = CARTESIAN_POINT('',(7.157049057884,1.138696064079));
#1966 = CARTESIAN_POINT('',(7.16087242954,1.139977165137));
#1967 = CARTESIAN_POINT('',(7.164697112803,1.141262454589));
#1968 = CARTESIAN_POINT('',(7.168521836115,1.142552174919));
#1969 = CARTESIAN_POINT('',(7.172346846989,1.143846224739));
#1970 = CARTESIAN_POINT('',(7.176173530312,1.145144245196));
#1971 = CARTESIAN_POINT('',(7.180000045296,1.14644660938));
#1972 = ( GEOMETRIC_REPRESENTATION_CONTEXT(2) 
PARAMETRIC_REPRESENTATION_CONTEXT() REPRESENTATION_CONTEXT('2D SPACE',''
  ) );
#1973 = PCURVE('',#1974,#1979);
#1974 = CYLINDRICAL_SURFACE('',#1975,0.5);
#1975 = AXIS2_PLACEMENT_3D('',#1976,#1977,#1978);
#1976 = CARTESIAN_POINT('',(0.82,2.09,1.));
#1977 = DIRECTION('',(0.,0.,1.));
#1978 = DIRECTION('',(1.,0.,-0.));
#1979 = DEFINITIONAL_REPRESENTATION('',(#1980),#1995);
#1980 = B_SPLINE_CURVE_WITH_KNOTS('',7,(#1981,#1982,#1983,#1984,#1985,
    #1986,#1987,#1988,#1989,#1990,#1991,#1992,#1993,#1994),
  .UNSPECIFIED.,.F.,.F.,(8,6,8),(0.,0.63240444926,0.656487177879),
  .UNSPECIFIED.);
#1981 = CARTESIAN_POINT('',(0.,1.221247021154E-15));
#1982 = CARTESIAN_POINT('',(0.12108433852,1.221247021154E-15));
#1983 = CARTESIAN_POINT('',(0.237955884979,8.552673666068E-03));
#1984 = CARTESIAN_POINT('',(0.350281755315,2.458557148543E-02));
#1985 = CARTESIAN_POINT('',(0.458188863149,4.663893249043E-02));
#1986 = CARTESIAN_POINT('',(0.561970495946,7.341361654638E-02));
#1987 = CARTESIAN_POINT('',(0.66215262442,0.103894125171));
#1988 = CARTESIAN_POINT('',(0.763235967694,0.138696064079));
#1989 = CARTESIAN_POINT('',(0.76694006842,0.139977165137));
#1990 = CARTESIAN_POINT('',(0.770639604365,0.141262454589));
#1991 = CARTESIAN_POINT('',(0.774335406323,0.142552174919));
#1992 = CARTESIAN_POINT('',(0.77802733436,0.143846224739));
#1993 = CARTESIAN_POINT('',(0.781714521535,0.145144245196));
#1994 = CARTESIAN_POINT('',(0.785398163436,0.14644660938));
#1995 = ( GEOMETRIC_REPRESENTATION_CONTEXT(2) 
PARAMETRIC_REPRESENTATION_CONTEXT() REPRESENTATION_CONTEXT('2D SPACE',''
  ) );
#1996 = ADVANCED_FACE('',(#1997),#696,.F.);
#1997 = FACE_BOUND('',#1998,.F.);
#1998 = EDGE_LOOP('',(#1999,#2028,#2095,#2096,#2097,#2175));
#1999 = ORIENTED_EDGE('',*,*,#2000,.F.);
#2000 = EDGE_CURVE('',#2001,#2003,#2005,.T.);
#2001 = VERTEX_POINT('',#2002);
#2002 = CARTESIAN_POINT('',(0.82,2.59,1.));
#2003 = VERTEX_POINT('',#2004);
#2004 = CARTESIAN_POINT('',(-0.82,2.59,1.));
#2005 = SURFACE_CURVE('',#2006,(#2010,#2016),.PCURVE_S1.);
#2006 = LINE('',#2007,#2008);
#2007 = CARTESIAN_POINT('',(1.32,2.59,1.));
#2008 = VECTOR('',#2009,1.);
#2009 = DIRECTION('',(-1.,0.,0.));
#2010 = PCURVE('',#696,#2011);
#2011 = DEFINITIONAL_REPRESENTATION('',(#2012),#2015);
#2012 = B_SPLINE_CURVE_WITH_KNOTS('',1,(#2013,#2014),.UNSPECIFIED.,.F.,
  .F.,(2,2),(0.,2.64),.PIECEWISE_BEZIER_KNOTS.);
#2013 = CARTESIAN_POINT('',(0.,1.));
#2014 = CARTESIAN_POINT('',(4.64,1.));
#2015 = ( GEOMETRIC_REPRESENTATION_CONTEXT(2) 
PARAMETRIC_REPRESENTATION_CONTEXT() REPRESENTATION_CONTEXT('2D SPACE',''
  ) );
#2016 = PCURVE('',#2017,#2022);
#2017 = PLANE('',#2018);
#2018 = AXIS2_PLACEMENT_3D('',#2019,#2020,#2021);
#2019 = CARTESIAN_POINT('',(1.32,2.59,0.));
#2020 = DIRECTION('',(0.,-1.,0.));
#2021 = DIRECTION('',(-1.,0.,0.));
#2022 = DEFINITIONAL_REPRESENTATION('',(#2023),#2027);
#2023 = LINE('',#2024,#2025);
#2024 = CARTESIAN_POINT('',(0.,-1.));
#2025 = VECTOR('',#2026,1.);
#2026 = DIRECTION('',(1.,0.));
#2027 = ( GEOMETRIC_REPRESENTATION_CONTEXT(2) 
PARAMETRIC_REPRESENTATION_CONTEXT() REPRESENTATION_CONTEXT('2D SPACE',''
  ) );
#2028 = ORIENTED_EDGE('',*,*,#2029,.F.);
#2029 = EDGE_CURVE('',#1907,#2001,#2030,.T.);
#2030 = SURFACE_CURVE('',#2031,(#2055,#2075),.PCURVE_S1.);
#2031 = B_SPLINE_CURVE_WITH_KNOTS('',8,(#2032,#2033,#2034,#2035,#2036,
    #2037,#2038,#2039,#2040,#2041,#2042,#2043,#2044,#2045,#2046,#2047,
    #2048,#2049,#2050,#2051,#2052,#2053,#2054),.UNSPECIFIED.,.F.,.F.,(9,
    7,7,9),(0.,0.304272569848,0.316700611332,1.),.UNSPECIFIED.);
#2032 = CARTESIAN_POINT('',(1.275089860562,2.297106781187,1.292893218813
    ));
#2033 = CARTESIAN_POINT('',(1.265592400204,2.317976198814,1.272023801186
    ));
#2034 = CARTESIAN_POINT('',(1.255087581367,2.338158139134,1.251841860866
    ));
#2035 = CARTESIAN_POINT('',(1.243640674202,2.357600740957,1.232399259044
    ));
#2036 = CARTESIAN_POINT('',(1.231343427669,2.376210148535,1.213789851465
    ));
#2037 = CARTESIAN_POINT('',(1.218328134938,2.393862669433,1.196137330567
    ));
#2038 = CARTESIAN_POINT('',(1.204812757464,2.410393826544,1.179606173456
    ));
#2039 = CARTESIAN_POINT('',(1.19110302163,2.425632879176,1.164367120824)
  );
#2040 = CARTESIAN_POINT('',(1.177173908007,2.439896286801,1.150103713199
    ));
#2041 = CARTESIAN_POINT('',(1.176627635166,2.440453661554,1.149546338446
    ));
#2042 = CARTESIAN_POINT('',(1.17608265273,2.441007749863,1.148992250137)
  );
#2043 = CARTESIAN_POINT('',(1.175538002944,2.44155952752,1.14844047248)
  );
#2044 = CARTESIAN_POINT('',(1.174993428302,2.442109271934,1.147890728066
    ));
#2045 = CARTESIAN_POINT('',(1.174449953273,2.442655981278,1.147344018722
    ));
#2046 = CARTESIAN_POINT('',(1.173908436112,2.443198820076,1.146801179924
    ));
#2047 = CARTESIAN_POINT('',(1.143547696854,2.473527416823,1.116472583177
    ));
#2048 = CARTESIAN_POINT('',(1.109630513898,2.501669866091,1.088330133909
    ));
#2049 = CARTESIAN_POINT('',(1.071381778652,2.527570360634,1.062429639366
    ));
#2050 = CARTESIAN_POINT('',(1.02867044452,2.550424980998,1.039575019002)
  );
#2051 = CARTESIAN_POINT('',(0.981552522261,2.569221569963,1.020778430037
    ));
#2052 = CARTESIAN_POINT('',(0.930422887387,2.582797212012,1.007202787988
    ));
#2053 = CARTESIAN_POINT('',(0.876136252146,2.59,1.));
#2054 = CARTESIAN_POINT('',(0.82,2.59,1.));
#2055 = PCURVE('',#696,#2056);
#2056 = DEFINITIONAL_REPRESENTATION('',(#2057),#2074);
#2057 = B_SPLINE_CURVE_WITH_KNOTS('',8,(#2058,#2059,#2060,#2061,#2062,
    #2063,#2064,#2065,#2066,#2067,#2068,#2069,#2070,#2071,#2072,#2073),
  .UNSPECIFIED.,.F.,.F.,(9,7,9),(0.316164015328,0.316700611332,1.),
  .UNSPECIFIED.);
#2058 = CARTESIAN_POINT('',(2.933160772054E-07,1.146446609367));
#2059 = CARTESIAN_POINT('',(9.276828930776E-05,1.146423199484));
#2060 = CARTESIAN_POINT('',(1.852494120853E-04,1.146399792766));
#2061 = CARTESIAN_POINT('',(2.7773614548E-04,1.146376389045));
#2062 = CARTESIAN_POINT('',(3.702279162475E-04,1.146352988143));
#2063 = CARTESIAN_POINT('',(4.627241152714E-04,1.146329589871));
#2064 = CARTESIAN_POINT('',(5.552240959646E-04,1.146306194027));
#2065 = CARTESIAN_POINT('',(6.477271726272E-04,1.146282800399));
#2066 = CARTESIAN_POINT('',(0.118536329226,1.116472583177));
#2067 = CARTESIAN_POINT('',(0.234352156877,1.088330133909));
#2068 = CARTESIAN_POINT('',(0.348326600577,1.062429639366));
#2069 = CARTESIAN_POINT('',(0.460326130776,1.039575019002));
#2070 = CARTESIAN_POINT('',(0.570006580896,1.020778430037));
#2071 = CARTESIAN_POINT('',(0.676847301471,1.007202787988));
#2072 = CARTESIAN_POINT('',(0.780124162895,1.));
#2073 = CARTESIAN_POINT('',(0.878787878788,1.));
#2074 = ( GEOMETRIC_REPRESENTATION_CONTEXT(2) 
PARAMETRIC_REPRESENTATION_CONTEXT() REPRESENTATION_CONTEXT('2D SPACE',''
  ) );
#2075 = PCURVE('',#1974,#2076);
#2076 = DEFINITIONAL_REPRESENTATION('',(#2077),#2094);
#2077 = B_SPLINE_CURVE_WITH_KNOTS('',8,(#2078,#2079,#2080,#2081,#2082,
    #2083,#2084,#2085,#2086,#2087,#2088,#2089,#2090,#2091,#2092,#2093),
  .UNSPECIFIED.,.F.,.F.,(9,7,9),(0.316164015328,0.316700611332,1.),
  .UNSPECIFIED.);
#2078 = CARTESIAN_POINT('',(0.785398163341,0.146446609367));
#2079 = CARTESIAN_POINT('',(0.785464376519,0.146423199484));
#2080 = CARTESIAN_POINT('',(0.785530585757,0.146399792766));
#2081 = CARTESIAN_POINT('',(0.785596791527,0.146376389045));
#2082 = CARTESIAN_POINT('',(0.78566299433,0.146352988143));
#2083 = CARTESIAN_POINT('',(0.7857291947,0.146329589871));
#2084 = CARTESIAN_POINT('',(0.785795393205,0.146306194027));
#2085 = CARTESIAN_POINT('',(0.785861590444,0.146282800399));
#2086 = CARTESIAN_POINT('',(0.870222308692,0.116472583177));
#2087 = CARTESIAN_POINT('',(0.957992555612,8.833013390923E-02));
#2088 = CARTESIAN_POINT('',(1.049633622731,6.242963936625E-02));
#2089 = CARTESIAN_POINT('',(1.145429990268,3.957501900155E-02));
#2090 = CARTESIAN_POINT('',(1.245532180203,2.077843003697E-02));
#2091 = CARTESIAN_POINT('',(1.34995139372,7.202787988055E-03));
#2092 = CARTESIAN_POINT('',(1.458523822503,-4.475245522221E-16));
#2093 = CARTESIAN_POINT('',(1.570796326795,-4.440871981468E-16));
#2094 = ( GEOMETRIC_REPRESENTATION_CONTEXT(2) 
PARAMETRIC_REPRESENTATION_CONTEXT() REPRESENTATION_CONTEXT('2D SPACE',''
  ) );
#2095 = ORIENTED_EDGE('',*,*,#1906,.T.);
#2096 = ORIENTED_EDGE('',*,*,#680,.T.);
#2097 = ORIENTED_EDGE('',*,*,#2098,.F.);
#2098 = EDGE_CURVE('',#2099,#512,#2101,.T.);
#2099 = VERTEX_POINT('',#2100);
#2100 = CARTESIAN_POINT('',(-1.173553390712,2.443553390653,
    1.146446609347));
#2101 = SURFACE_CURVE('',#2102,(#2117,#2146),.PCURVE_S1.);
#2102 = B_SPLINE_CURVE_WITH_KNOTS('',7,(#2103,#2104,#2105,#2106,#2107,
    #2108,#2109,#2110,#2111,#2112,#2113,#2114,#2115,#2116),
  .UNSPECIFIED.,.F.,.F.,(8,6,8),(9.491609507888E-02,0.105765720906,
    0.179811709829),.UNSPECIFIED.);
#2103 = CARTESIAN_POINT('',(-1.173553390593,2.443553390593,
    1.146446609407));
#2104 = CARTESIAN_POINT('',(-1.194460108337,2.464460108337,
    1.125539891663));
#2105 = CARTESIAN_POINT('',(-1.215372671402,2.485372671402,
    1.104627328598));
#2106 = CARTESIAN_POINT('',(-1.236290347154,2.506290347154,
    1.083709652846));
#2107 = CARTESIAN_POINT('',(-1.25721247369,2.52721247369,1.06278752631)
  );
#2108 = CARTESIAN_POINT('',(-1.278138459843,2.548138459843,
    1.041861540157));
#2109 = CARTESIAN_POINT('',(-1.29906778518,2.56906778518,1.02093221482)
  );
#2110 = CARTESIAN_POINT('',(-1.462857142857,2.732857142857,
    0.857142857143));
#2111 = CARTESIAN_POINT('',(-1.605714285714,2.875714285714,
    0.714285714286));
#2112 = CARTESIAN_POINT('',(-1.748571428571,3.018571428571,
    0.571428571429));
#2113 = CARTESIAN_POINT('',(-1.891428571429,3.161428571429,
    0.428571428571));
#2114 = CARTESIAN_POINT('',(-2.034285714286,3.304285714286,
    0.285714285714));
#2115 = CARTESIAN_POINT('',(-2.177142857143,3.447142857143,
    0.142857142857));
#2116 = CARTESIAN_POINT('',(-2.32,3.59,0.));
#2117 = PCURVE('',#696,#2118);
#2118 = DEFINITIONAL_REPRESENTATION('',(#2119),#2145);
#2119 = B_SPLINE_CURVE_WITH_KNOTS('',3,(#2120,#2121,#2122,#2123,#2124,
    #2125,#2126,#2127,#2128,#2129,#2130,#2131,#2132,#2133,#2134,#2135,
    #2136,#2137,#2138,#2139,#2140,#2141,#2142,#2143,#2144),
  .UNSPECIFIED.,.F.,.F.,(4,1,1,1,1,1,1,1,1,1,1,1,1,1,1,1,1,1,1,1,1,1,4),
  (9.491609507888E-02,9.877498665842E-02,0.102633878238,0.106492769817,
    0.110351661397,0.114210552977,0.118069444556,0.121928336136,
    0.125787227715,0.129646119295,0.133505010874,0.137363902454,
    0.141222794033,0.145081685613,0.148940577192,0.152799468772,
    0.156658360351,0.160517251931,0.164376143511,0.16823503509,
    0.17209392667,0.175952818249,0.179811709829),.QUASI_UNIFORM_KNOTS.);
#2120 = CARTESIAN_POINT('',(4.64,1.146446609407));
#2121 = CARTESIAN_POINT('',(4.64,1.129096121352));
#2122 = CARTESIAN_POINT('',(4.64,1.094384863509));
#2123 = CARTESIAN_POINT('',(4.64,1.042294072717));
#2124 = CARTESIAN_POINT('',(4.64,0.990181609836));
#2125 = CARTESIAN_POINT('',(4.64,0.938066189154));
#2126 = CARTESIAN_POINT('',(4.64,0.885951561013));
#2127 = CARTESIAN_POINT('',(4.64,0.833836720511));
#2128 = CARTESIAN_POINT('',(4.64,0.781721936911));
#2129 = CARTESIAN_POINT('',(4.64,0.729607138065));
#2130 = CARTESIAN_POINT('',(4.64,0.677492343303));
#2131 = CARTESIAN_POINT('',(4.64,0.625377547447));
#2132 = CARTESIAN_POINT('',(4.64,0.573262751885));
#2133 = CARTESIAN_POINT('',(4.64,0.521147956243));
#2134 = CARTESIAN_POINT('',(4.64,0.469033160623));
#2135 = CARTESIAN_POINT('',(4.64,0.416918364997));
#2136 = CARTESIAN_POINT('',(4.64,0.364803569373));
#2137 = CARTESIAN_POINT('',(4.64,0.312688773748));
#2138 = CARTESIAN_POINT('',(4.64,0.260573978123));
#2139 = CARTESIAN_POINT('',(4.64,0.208459182499));
#2140 = CARTESIAN_POINT('',(4.64,0.156344386874));
#2141 = CARTESIAN_POINT('',(4.64,0.104229591249));
#2142 = CARTESIAN_POINT('',(4.64,5.211479562468E-02));
#2143 = CARTESIAN_POINT('',(4.64,1.737159854156E-02));
#2144 = CARTESIAN_POINT('',(4.64,3.530010982031E-16));
#2145 = ( GEOMETRIC_REPRESENTATION_CONTEXT(2) 
PARAMETRIC_REPRESENTATION_CONTEXT() REPRESENTATION_CONTEXT('2D SPACE',''
  ) );
#2146 = PCURVE('',#527,#2147);
#2147 = DEFINITIONAL_REPRESENTATION('',(#2148),#2174);
#2148 = B_SPLINE_CURVE_WITH_KNOTS('',3,(#2149,#2150,#2151,#2152,#2153,
    #2154,#2155,#2156,#2157,#2158,#2159,#2160,#2161,#2162,#2163,#2164,
    #2165,#2166,#2167,#2168,#2169,#2170,#2171,#2172,#2173),
  .UNSPECIFIED.,.F.,.F.,(4,1,1,1,1,1,1,1,1,1,1,1,1,1,1,1,1,1,1,1,1,1,4),
  (9.491609507888E-02,9.877498665842E-02,0.102633878238,0.106492769817,
    0.110351661397,0.114210552977,0.118069444556,0.121928336136,
    0.125787227715,0.129646119295,0.133505010874,0.137363902454,
    0.141222794033,0.145081685613,0.148940577192,0.152799468772,
    0.156658360351,0.160517251931,0.164376143511,0.16823503509,
    0.17209392667,0.175952818249,0.179811709829),.QUASI_UNIFORM_KNOTS.);
#2149 = CARTESIAN_POINT('',(1.158153218258E-15,1.146446609407));
#2150 = CARTESIAN_POINT('',(-1.692781099712E-15,1.129096121352));
#2151 = CARTESIAN_POINT('',(-4.06493738392E-15,1.094384863509));
#2152 = CARTESIAN_POINT('',(-2.310345067985E-15,1.042294072717));
#2153 = CARTESIAN_POINT('',(-1.631044284525E-15,0.990181609836));
#2154 = CARTESIAN_POINT('',(-2.423825442049E-15,0.938066189154));
#2155 = CARTESIAN_POINT('',(-2.082610824985E-15,0.885951561013));
#2156 = CARTESIAN_POINT('',(-2.594334416862E-15,0.833836720511));
#2157 = CARTESIAN_POINT('',(-3.944695375977E-16,0.781721936911));
#2158 = CARTESIAN_POINT('',(-5.239703174007E-16,0.729607138065));
#2159 = CARTESIAN_POINT('',(-1.990035210621E-15,0.677492343303));
#2160 = CARTESIAN_POINT('',(-1.117539519874E-15,0.625377547447));
#2161 = CARTESIAN_POINT('',(-1.002848694956E-15,0.573262751885));
#2162 = CARTESIAN_POINT('',(5.972185045227E-16,0.521147956243));
#2163 = CARTESIAN_POINT('',(-2.207159245525E-15,0.469033160623));
#2164 = CARTESIAN_POINT('',(-1.330589617356E-15,0.416918364997));
#2165 = CARTESIAN_POINT('',(-1.352631531263E-15,0.364803569373));
#2166 = CARTESIAN_POINT('',(-7.196941138273E-16,0.312688773748));
#2167 = CARTESIAN_POINT('',(-3.814709280174E-15,0.260573978123));
#2168 = CARTESIAN_POINT('',(-1.092543237359E-15,0.208459182499));
#2169 = CARTESIAN_POINT('',(-4.963878324849E-16,0.156344386874));
#2170 = CARTESIAN_POINT('',(-7.827533718461E-16,0.104229591249));
#2171 = CARTESIAN_POINT('',(-1.801885441649E-15,5.211479562468E-02));
#2172 = CARTESIAN_POINT('',(-8.965060283694E-16,1.737159854156E-02));
#2173 = CARTESIAN_POINT('',(3.297492915199E-16,-1.3041882774E-16));
#2174 = ( GEOMETRIC_REPRESENTATION_CONTEXT(2) 
PARAMETRIC_REPRESENTATION_CONTEXT() REPRESENTATION_CONTEXT('2D SPACE',''
  ) );
#2175 = ORIENTED_EDGE('',*,*,#2176,.F.);
#2176 = EDGE_CURVE('',#2003,#2099,#2177,.T.);
#2177 = SURFACE_CURVE('',#2178,(#2209,#2229),.PCURVE_S1.);
#2178 = B_SPLINE_CURVE_WITH_KNOTS('',8,(#2179,#2180,#2181,#2182,#2183,
    #2184,#2185,#2186,#2187,#2188,#2189,#2190,#2191,#2192,#2193,#2194,
    #2195,#2196,#2197,#2198,#2199,#2200,#2201,#2202,#2203,#2204,#2205,
    #2206,#2207,#2208),.UNSPECIFIED.,.F.,.F.,(9,7,7,7,9),(0.,
    0.628005914625,0.654635162606,0.930861242449,1.),.UNSPECIFIED.);
#2179 = CARTESIAN_POINT('',(-0.82,2.59,1.));
#2180 = CARTESIAN_POINT('',(-0.874032065015,2.59,1.));
#2181 = CARTESIAN_POINT('',(-0.926364885684,2.58332705292,1.00667294708)
  );
#2182 = CARTESIAN_POINT('',(-0.97582037568,2.570715058495,1.019284941505
    ));
#2183 = CARTESIAN_POINT('',(-1.021612781376,2.553183383702,
    1.036816616298));
#2184 = CARTESIAN_POINT('',(-1.063358475225,2.531772566699,
    1.058227433301));
#2185 = CARTESIAN_POINT('',(-1.100976711813,2.507401440102,
    1.082598559898));
#2186 = CARTESIAN_POINT('',(-1.134561803693,2.480811442091,
    1.109188557909));
#2187 = CARTESIAN_POINT('',(-1.165568462971,2.45136610649,1.13863389351)
  );
#2188 = CARTESIAN_POINT('',(-1.166822945666,2.450165248302,
    1.139834751698));
#2189 = CARTESIAN_POINT('',(-1.168069758213,2.448962240923,
    1.141037759077));
#2190 = CARTESIAN_POINT('',(-1.16931189775,2.447754112246,1.142245887754
    ));
#2191 = CARTESIAN_POINT('',(-1.170543102507,2.446547247066,
    1.143452752934));
#2192 = CARTESIAN_POINT('',(-1.171772379946,2.445332607776,
    1.144667392224));
#2193 = CARTESIAN_POINT('',(-1.172990531945,2.444119531298,
    1.145880468702));
#2194 = CARTESIAN_POINT('',(-1.186796440562,2.430262635419,
    1.159737364581));
#2195 = CARTESIAN_POINT('',(-1.198846355943,2.417137354933,
    1.172862645067));
#2196 = CARTESIAN_POINT('',(-1.21034226388,2.403545197054,1.186454802946
    ));
#2197 = CARTESIAN_POINT('',(-1.221272607055,2.38950403155,1.20049596845)
  );
#2198 = CARTESIAN_POINT('',(-1.231625643654,2.375030254866,
    1.214969745134));
#2199 = CARTESIAN_POINT('',(-1.241388889855,2.360139353541,
    1.229860646459));
#2200 = CARTESIAN_POINT('',(-1.250548562315,2.344846467626,
    1.245153532374));
#2201 = CARTESIAN_POINT('',(-1.261226677901,2.32524240764,1.26475759236)
  );
#2202 = CARTESIAN_POINT('',(-1.263325538673,2.321293654386,
    1.268706345614));
#2203 = CARTESIAN_POINT('',(-1.265385358856,2.317320939287,
    1.272679060713));
#2204 = CARTESIAN_POINT('',(-1.267405887954,2.313324511177,
    1.276675488823));
#2205 = CARTESIAN_POINT('',(-1.269386869101,2.30930462277,1.28069537723)
  );
#2206 = CARTESIAN_POINT('',(-1.271328039055,2.305261530667,
    1.284738469333));
#2207 = CARTESIAN_POINT('',(-1.273229128204,2.30119549535,1.28880450465)
  );
#2208 = CARTESIAN_POINT('',(-1.275089860562,2.297106781187,
    1.292893218813));
#2209 = PCURVE('',#696,#2210);
#2210 = DEFINITIONAL_REPRESENTATION('',(#2211),#2228);
#2211 = B_SPLINE_CURVE_WITH_KNOTS('',8,(#2212,#2213,#2214,#2215,#2216,
    #2217,#2218,#2219,#2220,#2221,#2222,#2223,#2224,#2225,#2226,#2227),
  .UNSPECIFIED.,.F.,.F.,(9,7,9),(0.,0.628005914625,0.652851632045),
  .UNSPECIFIED.);
#2212 = CARTESIAN_POINT('',(3.761212121212,1.));
#2213 = CARTESIAN_POINT('',(3.856177568815,1.));
#2214 = CARTESIAN_POINT('',(3.955442044534,1.00667294708));
#2215 = CARTESIAN_POINT('',(4.058054666515,1.019284941505));
#2216 = CARTESIAN_POINT('',(4.163345848078,1.036816616298));
#2217 = CARTESIAN_POINT('',(4.270830009884,1.058227433301));
#2218 = CARTESIAN_POINT('',(4.380182451017,1.082598559898));
#2219 = CARTESIAN_POINT('',(4.491266025927,1.109188557909));
#2220 = CARTESIAN_POINT('',(4.608650604767,1.138553670725));
#2221 = CARTESIAN_POINT('',(4.613120395026,1.139673907256));
#2222 = CARTESIAN_POINT('',(4.617594969667,1.140796069051));
#2223 = CARTESIAN_POINT('',(4.622067021903,1.141922357772));
#2224 = CARTESIAN_POINT('',(4.626550205376,1.143048557226));
#2225 = CARTESIAN_POINT('',(4.631027755626,1.14417975264));
#2226 = CARTESIAN_POINT('',(4.635513539341,1.145311675368));
#2227 = CARTESIAN_POINT('',(4.63999997022,1.146446609347));
#2228 = ( GEOMETRIC_REPRESENTATION_CONTEXT(2) 
PARAMETRIC_REPRESENTATION_CONTEXT() REPRESENTATION_CONTEXT('2D SPACE',''
  ) );
#2229 = PCURVE('',#2230,#2235);
#2230 = CYLINDRICAL_SURFACE('',#2231,0.5);
#2231 = AXIS2_PLACEMENT_3D('',#2232,#2233,#2234);
#2232 = CARTESIAN_POINT('',(-0.82,2.09,1.));
#2233 = DIRECTION('',(0.,0.,1.));
#2234 = DIRECTION('',(-0.,1.,0.));
#2235 = DEFINITIONAL_REPRESENTATION('',(#2236),#2253);
#2236 = B_SPLINE_CURVE_WITH_KNOTS('',8,(#2237,#2238,#2239,#2240,#2241,
    #2242,#2243,#2244,#2245,#2246,#2247,#2248,#2249,#2250,#2251,#2252),
  .UNSPECIFIED.,.F.,.F.,(9,7,9),(0.,0.628005914625,0.652851632045),
  .UNSPECIFIED.);
#2237 = CARTESIAN_POINT('',(0.,-3.330652133217E-16));
#2238 = CARTESIAN_POINT('',(0.10806413003,-3.160981457602E-16));
#2239 = CARTESIAN_POINT('',(0.212729118135,6.672947079732E-03));
#2240 = CARTESIAN_POINT('',(0.313565746269,1.928494150472E-02));
#2241 = CARTESIAN_POINT('',(0.410406632863,3.681661629758E-02));
#2242 = CARTESIAN_POINT('',(0.503246025184,5.822743330111E-02));
#2243 = CARTESIAN_POINT('',(0.592206914228,8.259855989753E-02));
#2244 = CARTESIAN_POINT('',(0.677534671565,0.109188557909));
#2245 = CARTESIAN_POINT('',(0.762822214265,0.138553670725));
#2246 = CARTESIAN_POINT('',(0.766063122108,0.139673907256));
#2247 = CARTESIAN_POINT('',(0.769297122276,0.140796069051));
#2248 = CARTESIAN_POINT('',(0.772530527234,0.141922357772));
#2249 = CARTESIAN_POINT('',(0.775751591086,0.143048557226));
#2250 = CARTESIAN_POINT('',(0.778974745854,0.14417975264));
#2251 = CARTESIAN_POINT('',(0.782188085605,0.145311675368));
#2252 = CARTESIAN_POINT('',(0.785398163481,0.146446609347));
#2253 = ( GEOMETRIC_REPRESENTATION_CONTEXT(2) 
PARAMETRIC_REPRESENTATION_CONTEXT() REPRESENTATION_CONTEXT('2D SPACE',''
  ) );
#2254 = ADVANCED_FACE('',(#2255),#527,.F.);
#2255 = FACE_BOUND('',#2256,.F.);
#2256 = EDGE_LOOP('',(#2257,#2286,#2346,#2347,#2348,#2349));
#2257 = ORIENTED_EDGE('',*,*,#2258,.F.);
#2258 = EDGE_CURVE('',#2259,#2261,#2263,.T.);
#2259 = VERTEX_POINT('',#2260);
#2260 = CARTESIAN_POINT('',(-1.32,2.09,1.));
#2261 = VERTEX_POINT('',#2262);
#2262 = CARTESIAN_POINT('',(-1.32,-2.09,1.));
#2263 = SURFACE_CURVE('',#2264,(#2268,#2274),.PCURVE_S1.);
#2264 = LINE('',#2265,#2266);
#2265 = CARTESIAN_POINT('',(-1.32,2.59,1.));
#2266 = VECTOR('',#2267,1.);
#2267 = DIRECTION('',(0.,-1.,0.));
#2268 = PCURVE('',#527,#2269);
#2269 = DEFINITIONAL_REPRESENTATION('',(#2270),#2273);
#2270 = B_SPLINE_CURVE_WITH_KNOTS('',1,(#2271,#2272),.UNSPECIFIED.,.F.,
  .F.,(2,2),(0.,5.18),.PIECEWISE_BEZIER_KNOTS.);
#2271 = CARTESIAN_POINT('',(0.,1.));
#2272 = CARTESIAN_POINT('',(7.18,1.));
#2273 = ( GEOMETRIC_REPRESENTATION_CONTEXT(2) 
PARAMETRIC_REPRESENTATION_CONTEXT() REPRESENTATION_CONTEXT('2D SPACE',''
  ) );
#2274 = PCURVE('',#2275,#2280);
#2275 = PLANE('',#2276);
#2276 = AXIS2_PLACEMENT_3D('',#2277,#2278,#2279);
#2277 = CARTESIAN_POINT('',(-1.32,2.59,0.));
#2278 = DIRECTION('',(1.,0.,-0.));
#2279 = DIRECTION('',(0.,-1.,0.));
#2280 = DEFINITIONAL_REPRESENTATION('',(#2281),#2285);
#2281 = LINE('',#2282,#2283);
#2282 = CARTESIAN_POINT('',(0.,-1.));
#2283 = VECTOR('',#2284,1.);
#2284 = DIRECTION('',(1.,0.));
#2285 = ( GEOMETRIC_REPRESENTATION_CONTEXT(2) 
PARAMETRIC_REPRESENTATION_CONTEXT() REPRESENTATION_CONTEXT('2D SPACE',''
  ) );
#2286 = ORIENTED_EDGE('',*,*,#2287,.F.);
#2287 = EDGE_CURVE('',#2099,#2259,#2288,.T.);
#2288 = SURFACE_CURVE('',#2289,(#2310,#2328),.PCURVE_S1.);
#2289 = B_SPLINE_CURVE_WITH_KNOTS('',7,(#2290,#2291,#2292,#2293,#2294,
    #2295,#2296,#2297,#2298,#2299,#2300,#2301,#2302,#2303,#2304,#2305,
    #2306,#2307,#2308,#2309),.UNSPECIFIED.,.F.,.F.,(8,6,6,8),(0.,
    0.323583441575,0.33538257657,1.),.UNSPECIFIED.);
#2290 = CARTESIAN_POINT('',(-1.027106781187,2.545089860562,
    1.292893218813));
#2291 = CARTESIAN_POINT('',(-1.050156723392,2.534600065578,
    1.269843276608));
#2292 = CARTESIAN_POINT('',(-1.072473242701,2.522799963954,
    1.247526757299));
#2293 = CARTESIAN_POINT('',(-1.093967243147,2.509759019212,
    1.226032756853));
#2294 = CARTESIAN_POINT('',(-1.114543206422,2.495562038503,
    1.205456793578));
#2295 = CARTESIAN_POINT('',(-1.134101693449,2.480315782262,
    1.185898306551));
#2296 = CARTESIAN_POINT('',(-1.152544048357,2.464160674297,
    1.167455951643));
#2297 = CARTESIAN_POINT('',(-1.170407770625,2.446672353566,
    1.149592229375));
#2298 = CARTESIAN_POINT('',(-1.171035909731,2.446054887583,
    1.148964090269));
#2299 = CARTESIAN_POINT('',(-1.171664026476,2.445434910022,
    1.148335973524));
#2300 = CARTESIAN_POINT('',(-1.172292655298,2.444811859453,
    1.147707344702));
#2301 = CARTESIAN_POINT('',(-1.172921364473,2.444186142767,
    1.147078635527));
#2302 = CARTESIAN_POINT('',(-1.173549249781,2.443558650312,
    1.146450750219));
#2303 = CARTESIAN_POINT('',(-1.209543459523,2.407437103652,
    1.110456540477));
#2304 = CARTESIAN_POINT('',(-1.241779125712,2.366788812272,
    1.078220874288));
#2305 = CARTESIAN_POINT('',(-1.270190467098,2.320818823447,
    1.049809532902));
#2306 = CARTESIAN_POINT('',(-1.293681107522,2.269490918332,
    1.026318892478));
#2307 = CARTESIAN_POINT('',(-1.310826237213,2.21312412726,1.009173762787
    ));
#2308 = CARTESIAN_POINT('',(-1.32,2.152701827752,1.));
#2309 = CARTESIAN_POINT('',(-1.32,2.09,1.));
#2310 = PCURVE('',#527,#2311);
#2311 = DEFINITIONAL_REPRESENTATION('',(#2312),#2327);
#2312 = B_SPLINE_CURVE_WITH_KNOTS('',7,(#2313,#2314,#2315,#2316,#2317,
    #2318,#2319,#2320,#2321,#2322,#2323,#2324,#2325,#2326),
  .UNSPECIFIED.,.F.,.F.,(8,6,8),(0.33370828002,0.33538257657,1.),
  .UNSPECIFIED.);
#2313 = CARTESIAN_POINT('',(-7.285587646163E-08,1.146446609367));
#2314 = CARTESIAN_POINT('',(2.617008197077E-04,1.146357490328));
#2315 = CARTESIAN_POINT('',(5.235733480524E-04,1.146268377408));
#2316 = CARTESIAN_POINT('',(7.855320147161E-04,1.146179270378));
#2317 = CARTESIAN_POINT('',(1.047561622554E-03,1.146090168651));
#2318 = CARTESIAN_POINT('',(1.309644055585E-03,1.146001071182));
#2319 = CARTESIAN_POINT('',(1.57175778115E-03,1.145911976361));
#2320 = CARTESIAN_POINT('',(0.105883063107,1.110456540477));
#2321 = CARTESIAN_POINT('',(0.209397824366,1.078220874288));
#2322 = CARTESIAN_POINT('',(0.312192861815,1.049809532902));
#2323 = CARTESIAN_POINT('',(0.413526659177,1.026318892478));
#2324 = CARTESIAN_POINT('',(0.512126889523,1.009173762787));
#2325 = CARTESIAN_POINT('',(0.606139165394,1.));
#2326 = CARTESIAN_POINT('',(0.69305019305,1.));
#2327 = ( GEOMETRIC_REPRESENTATION_CONTEXT(2) 
PARAMETRIC_REPRESENTATION_CONTEXT() REPRESENTATION_CONTEXT('2D SPACE',''
  ) );
#2328 = PCURVE('',#2230,#2329);
#2329 = DEFINITIONAL_REPRESENTATION('',(#2330),#2345);
#2330 = B_SPLINE_CURVE_WITH_KNOTS('',7,(#2331,#2332,#2333,#2334,#2335,
    #2336,#2337,#2338,#2339,#2340,#2341,#2342,#2343,#2344),
  .UNSPECIFIED.,.F.,.F.,(8,6,8),(0.33370828002,0.33538257657,1.),
  .UNSPECIFIED.);
#2331 = CARTESIAN_POINT('',(0.78539816334,0.146446609367));
#2332 = CARTESIAN_POINT('',(0.785650230044,0.146357490328));
#2333 = CARTESIAN_POINT('',(0.785902353583,0.146268377408));
#2334 = CARTESIAN_POINT('',(0.786154534692,0.146179270378));
#2335 = CARTESIAN_POINT('',(0.78640677512,0.146090168651));
#2336 = CARTESIAN_POINT('',(0.786659077901,0.146001071182));
#2337 = CARTESIAN_POINT('',(0.78691144768,0.145911976361));
#2338 = CARTESIAN_POINT('',(0.887372106934,0.110456540477));
#2339 = CARTESIAN_POINT('',(0.990467170941,7.822087428767E-02));
#2340 = CARTESIAN_POINT('',(1.09734142348,4.980953290231E-02));
#2341 = CARTESIAN_POINT('',(1.208588505049,2.631889247772E-02));
#2342 = CARTESIAN_POINT('',(1.324549180743,9.173762787342E-03));
#2343 = CARTESIAN_POINT('',(1.44539267129,9.953619248649E-16));
#2344 = CARTESIAN_POINT('',(1.570796326795,9.992013044978E-16));
#2345 = ( GEOMETRIC_REPRESENTATION_CONTEXT(2) 
PARAMETRIC_REPRESENTATION_CONTEXT() REPRESENTATION_CONTEXT('2D SPACE',''
  ) );
#2346 = ORIENTED_EDGE('',*,*,#2098,.T.);
#2347 = ORIENTED_EDGE('',*,*,#511,.T.);
#2348 = ORIENTED_EDGE('',*,*,#1630,.T.);
#2349 = ORIENTED_EDGE('',*,*,#2350,.T.);
#2350 = EDGE_CURVE('',#1557,#2261,#2351,.T.);
#2351 = SURFACE_CURVE('',#2352,(#2373,#2391),.PCURVE_S1.);
#2352 = B_SPLINE_CURVE_WITH_KNOTS('',7,(#2353,#2354,#2355,#2356,#2357,
    #2358,#2359,#2360,#2361,#2362,#2363,#2364,#2365,#2366,#2367,#2368,
    #2369,#2370,#2371,#2372),.UNSPECIFIED.,.F.,.F.,(8,6,6,8),(0.,
    0.341838635123,0.367595550742,1.),.UNSPECIFIED.);
#2353 = CARTESIAN_POINT('',(-1.027106781187,-2.545089860562,
    1.292893218813));
#2354 = CARTESIAN_POINT('',(-1.049910616264,-2.534712066437,
    1.270089383736));
#2355 = CARTESIAN_POINT('',(-1.07215360615,-2.522980366043,1.24784639385
    ));
#2356 = CARTESIAN_POINT('',(-1.093787399438,-2.509904880388,
    1.226212600562));
#2357 = CARTESIAN_POINT('',(-1.114754665993,-2.495489214295,
    1.205245334007));
#2358 = CARTESIAN_POINT('',(-1.134987661525,-2.479732695815,
    1.185012338475));
#2359 = CARTESIAN_POINT('',(-1.154406792161,-2.462632615643,
    1.165593207839));
#2360 = CARTESIAN_POINT('',(-1.174314053498,-2.442796582955,
    1.145685946502));
#2361 = CARTESIAN_POINT('',(-1.175703766592,-2.441399072098,
    1.144296233408));
#2362 = CARTESIAN_POINT('',(-1.177089060322,-2.439993143073,
    1.142910939678));
#2363 = CARTESIAN_POINT('',(-1.178469431887,-2.438579241565,
    1.141530568113));
#2364 = CARTESIAN_POINT('',(-1.17984469393,-2.437157499569,1.14015530607
    ));
#2365 = CARTESIAN_POINT('',(-1.181215183306,-2.435727527886,
    1.138784816694));
#2366 = CARTESIAN_POINT('',(-1.216105874829,-2.398983199002,
    1.103894125171));
#2367 = CARTESIAN_POINT('',(-1.246586383454,-2.358850723309,
    1.073413616546));
#2368 = CARTESIAN_POINT('',(-1.27336106751,-2.313754551619,1.04663893249
    ));
#2369 = CARTESIAN_POINT('',(-1.295414428515,-2.263689063482,
    1.024585571485));
#2370 = CARTESIAN_POINT('',(-1.311447326334,-2.208978399511,
    1.008552673666));
#2371 = CARTESIAN_POINT('',(-1.32,-2.15054216926,1.));
#2372 = CARTESIAN_POINT('',(-1.32,-2.09,1.));
#2373 = PCURVE('',#527,#2374);
#2374 = DEFINITIONAL_REPRESENTATION('',(#2375),#2390);
#2375 = B_SPLINE_CURVE_WITH_KNOTS('',7,(#2376,#2377,#2378,#2379,#2380,
    #2381,#2382,#2383,#2384,#2385,#2386,#2387,#2388,#2389),
  .UNSPECIFIED.,.F.,.F.,(8,6,8),(0.343512822123,0.367595550742,1.),
  .UNSPECIFIED.);
#2376 = CARTESIAN_POINT('',(7.180000045296,1.14644660938));
#2377 = CARTESIAN_POINT('',(7.176173530312,1.145144245196));
#2378 = CARTESIAN_POINT('',(7.172346846989,1.143846224739));
#2379 = CARTESIAN_POINT('',(7.168521836115,1.142552174919));
#2380 = CARTESIAN_POINT('',(7.164697112803,1.141262454589));
#2381 = CARTESIAN_POINT('',(7.16087242954,1.139977165137));
#2382 = CARTESIAN_POINT('',(7.157049057884,1.138696064079));
#2383 = CARTESIAN_POINT('',(7.0528389171,1.103894125171));
#2384 = CARTESIAN_POINT('',(6.953012646683,1.073413616546));
#2385 = CARTESIAN_POINT('',(6.853951805524,1.04663893249));
#2386 = CARTESIAN_POINT('',(6.756363461932,1.024585571485));
#2387 = CARTESIAN_POINT('',(6.661432057242,1.008552673666));
#2388 = CARTESIAN_POINT('',(6.570867331137,1.));
#2389 = CARTESIAN_POINT('',(6.48694980695,1.));
#2390 = ( GEOMETRIC_REPRESENTATION_CONTEXT(2) 
PARAMETRIC_REPRESENTATION_CONTEXT() REPRESENTATION_CONTEXT('2D SPACE',''
  ) );
#2391 = PCURVE('',#1605,#2392);
#2392 = DEFINITIONAL_REPRESENTATION('',(#2393),#2408);
#2393 = B_SPLINE_CURVE_WITH_KNOTS('',7,(#2394,#2395,#2396,#2397,#2398,
    #2399,#2400,#2401,#2402,#2403,#2404,#2405,#2406,#2407),
  .UNSPECIFIED.,.F.,.F.,(8,6,8),(0.343512822123,0.367595550742,1.),
  .UNSPECIFIED.);
#2394 = CARTESIAN_POINT('',(-0.785398163359,0.14644660938));
#2395 = CARTESIAN_POINT('',(-0.78908180526,0.145144245196));
#2396 = CARTESIAN_POINT('',(-0.792768992435,0.143846224739));
#2397 = CARTESIAN_POINT('',(-0.796460920471,0.142552174919));
#2398 = CARTESIAN_POINT('',(-0.80015672243,0.141262454589));
#2399 = CARTESIAN_POINT('',(-0.803856258375,0.139977165137));
#2400 = CARTESIAN_POINT('',(-0.807560359101,0.138696064079));
#2401 = CARTESIAN_POINT('',(-0.908643702375,0.103894125171));
#2402 = CARTESIAN_POINT('',(-1.008825830849,7.341361654639E-02));
#2403 = CARTESIAN_POINT('',(-1.112607463646,4.66389324904E-02));
#2404 = CARTESIAN_POINT('',(-1.220514571479,2.458557148546E-02));
#2405 = CARTESIAN_POINT('',(-1.332840441816,8.552673666057E-03));
#2406 = CARTESIAN_POINT('',(-1.449711988275,1.328562184926E-15));
#2407 = CARTESIAN_POINT('',(-1.570796326795,1.332269323616E-15));
#2408 = ( GEOMETRIC_REPRESENTATION_CONTEXT(2) 
PARAMETRIC_REPRESENTATION_CONTEXT() REPRESENTATION_CONTEXT('2D SPACE',''
  ) );
#2409 = ADVANCED_FACE('',(#2410),#1266,.F.);
#2410 = FACE_BOUND('',#2411,.T.);
#2411 = EDGE_LOOP('',(#2412,#2441,#2462,#2463,#2494,#2495));
#2412 = ORIENTED_EDGE('',*,*,#2413,.F.);
#2413 = EDGE_CURVE('',#2414,#2414,#2416,.T.);
#2414 = VERTEX_POINT('',#2415);
#2415 = CARTESIAN_POINT('',(2.05,-4.5,52.8));
#2416 = SURFACE_CURVE('',#2417,(#2422,#2429),.PCURVE_S1.);
#2417 = CIRCLE('',#2418,2.05);
#2418 = AXIS2_PLACEMENT_3D('',#2419,#2420,#2421);
#2419 = CARTESIAN_POINT('',(0.,-4.5,52.8));
#2420 = DIRECTION('',(0.,0.,1.));
#2421 = DIRECTION('',(1.,0.,0.));
#2422 = PCURVE('',#1266,#2423);
#2423 = DEFINITIONAL_REPRESENTATION('',(#2424),#2428);
#2424 = LINE('',#2425,#2426);
#2425 = CARTESIAN_POINT('',(-0.,0.));
#2426 = VECTOR('',#2427,1.);
#2427 = DIRECTION('',(-1.,0.));
#2428 = ( GEOMETRIC_REPRESENTATION_CONTEXT(2) 
PARAMETRIC_REPRESENTATION_CONTEXT() REPRESENTATION_CONTEXT('2D SPACE',''
  ) );
#2429 = PCURVE('',#2430,#2435);
#2430 = PLANE('',#2431);
#2431 = AXIS2_PLACEMENT_3D('',#2432,#2433,#2434);
#2432 = CARTESIAN_POINT('',(-8.338049588655E-17,-4.5,52.8));
#2433 = DIRECTION('',(0.,0.,1.));
#2434 = DIRECTION('',(1.,0.,-0.));
#2435 = DEFINITIONAL_REPRESENTATION('',(#2436),#2440);
#2436 = CIRCLE('',#2437,2.05);
#2437 = AXIS2_PLACEMENT_2D('',#2438,#2439);
#2438 = CARTESIAN_POINT('',(8.338049588655E-17,0.));
#2439 = DIRECTION('',(1.,0.));
#2440 = ( GEOMETRIC_REPRESENTATION_CONTEXT(2) 
PARAMETRIC_REPRESENTATION_CONTEXT() REPRESENTATION_CONTEXT('2D SPACE',''
  ) );
#2441 = ORIENTED_EDGE('',*,*,#2442,.T.);
#2442 = EDGE_CURVE('',#2414,#1248,#2443,.T.);
#2443 = SEAM_CURVE('',#2444,(#2448,#2455),.PCURVE_S1.);
#2444 = LINE('',#2445,#2446);
#2445 = CARTESIAN_POINT('',(2.05,-4.5,52.8));
#2446 = VECTOR('',#2447,1.);
#2447 = DIRECTION('',(0.,0.,1.));
#2448 = PCURVE('',#1266,#2449);
#2449 = DEFINITIONAL_REPRESENTATION('',(#2450),#2454);
#2450 = LINE('',#2451,#2452);
#2451 = CARTESIAN_POINT('',(-6.28318530718,0.));
#2452 = VECTOR('',#2453,1.);
#2453 = DIRECTION('',(-0.,-1.));
#2454 = ( GEOMETRIC_REPRESENTATION_CONTEXT(2) 
PARAMETRIC_REPRESENTATION_CONTEXT() REPRESENTATION_CONTEXT('2D SPACE',''
  ) );
#2455 = PCURVE('',#1266,#2456);
#2456 = DEFINITIONAL_REPRESENTATION('',(#2457),#2461);
#2457 = LINE('',#2458,#2459);
#2458 = CARTESIAN_POINT('',(-0.,0.));
#2459 = VECTOR('',#2460,1.);
#2460 = DIRECTION('',(-0.,-1.));
#2461 = ( GEOMETRIC_REPRESENTATION_CONTEXT(2) 
PARAMETRIC_REPRESENTATION_CONTEXT() REPRESENTATION_CONTEXT('2D SPACE',''
  ) );
#2462 = ORIENTED_EDGE('',*,*,#1247,.T.);
#2463 = ORIENTED_EDGE('',*,*,#2464,.T.);
#2464 = EDGE_CURVE('',#1250,#1279,#2465,.T.);
#2465 = SURFACE_CURVE('',#2466,(#2471,#2478),.PCURVE_S1.);
#2466 = CIRCLE('',#2467,2.05);
#2467 = AXIS2_PLACEMENT_3D('',#2468,#2469,#2470);
#2468 = CARTESIAN_POINT('',(0.,-4.5,55.));
#2469 = DIRECTION('',(0.,0.,1.));
#2470 = DIRECTION('',(1.,0.,0.));
#2471 = PCURVE('',#1266,#2472);
#2472 = DEFINITIONAL_REPRESENTATION('',(#2473),#2477);
#2473 = LINE('',#2474,#2475);
#2474 = CARTESIAN_POINT('',(-0.,-2.2));
#2475 = VECTOR('',#2476,1.);
#2476 = DIRECTION('',(-1.,0.));
#2477 = ( GEOMETRIC_REPRESENTATION_CONTEXT(2) 
PARAMETRIC_REPRESENTATION_CONTEXT() REPRESENTATION_CONTEXT('2D SPACE',''
  ) );
#2478 = PCURVE('',#2479,#2484);
#2479 = PLANE('',#2480);
#2480 = AXIS2_PLACEMENT_3D('',#2481,#2482,#2483);
#2481 = CARTESIAN_POINT('',(-1.75,-3.5,55.));
#2482 = DIRECTION('',(0.,0.,-1.));
#2483 = DIRECTION('',(0.4472135955,0.894427191,0.));
#2484 = DEFINITIONAL_REPRESENTATION('',(#2485),#2493);
#2485 = ( BOUNDED_CURVE() B_SPLINE_CURVE(2,(#2486,#2487,#2488,#2489,
#2490,#2491,#2492),.UNSPECIFIED.,.T.,.F.) B_SPLINE_CURVE_WITH_KNOTS((1,2
    ,2,2,2,1),(-2.094395102393,0.,2.094395102393,4.188790204786,
6.28318530718,8.377580409573),.UNSPECIFIED.) CURVE() 
GEOMETRIC_REPRESENTATION_ITEM() RATIONAL_B_SPLINE_CURVE((1.,0.5,1.,0.5,
1.,0.5,1.)) REPRESENTATION_ITEM('') );
#2486 = CARTESIAN_POINT('',(0.8049844719,3.8460369213));
#2487 = CARTESIAN_POINT('',(3.98083081579,2.258113749355));
#2488 = CARTESIAN_POINT('',(1.017725837683,0.301711723002));
#2489 = CARTESIAN_POINT('',(-1.945379140425,-1.65469030335));
#2490 = CARTESIAN_POINT('',(-2.158120506207,1.889634894947));
#2491 = CARTESIAN_POINT('',(-2.37086187199,5.433960093245));
#2492 = CARTESIAN_POINT('',(0.8049844719,3.8460369213));
#2493 = ( GEOMETRIC_REPRESENTATION_CONTEXT(2) 
PARAMETRIC_REPRESENTATION_CONTEXT() REPRESENTATION_CONTEXT('2D SPACE',''
  ) );
#2494 = ORIENTED_EDGE('',*,*,#1278,.T.);
#2495 = ORIENTED_EDGE('',*,*,#2442,.F.);
#2496 = ADVANCED_FACE('',(#2497),#1397,.T.);
#2497 = FACE_BOUND('',#2498,.T.);
#2498 = EDGE_LOOP('',(#2499,#2522,#2523,#2551,#2578,#2605,#2632));
#2499 = ORIENTED_EDGE('',*,*,#2500,.T.);
#2500 = EDGE_CURVE('',#2501,#1250,#2503,.T.);
#2501 = VERTEX_POINT('',#2502);
#2502 = CARTESIAN_POINT('',(1.75,-3.5,55.));
#2503 = SURFACE_CURVE('',#2504,(#2508,#2515),.PCURVE_S1.);
#2504 = LINE('',#2505,#2506);
#2505 = CARTESIAN_POINT('',(1.75,-3.5,55.));
#2506 = VECTOR('',#2507,1.);
#2507 = DIRECTION('',(0.,1.,0.));
#2508 = PCURVE('',#1397,#2509);
#2509 = DEFINITIONAL_REPRESENTATION('',(#2510),#2514);
#2510 = LINE('',#2511,#2512);
#2511 = CARTESIAN_POINT('',(0.,0.));
#2512 = VECTOR('',#2513,1.);
#2513 = DIRECTION('',(1.,0.));
#2514 = ( GEOMETRIC_REPRESENTATION_CONTEXT(2) 
PARAMETRIC_REPRESENTATION_CONTEXT() REPRESENTATION_CONTEXT('2D SPACE',''
  ) );
#2515 = PCURVE('',#2479,#2516);
#2516 = DEFINITIONAL_REPRESENTATION('',(#2517),#2521);
#2517 = LINE('',#2518,#2519);
#2518 = CARTESIAN_POINT('',(1.56524758425,3.1304951685));
#2519 = VECTOR('',#2520,1.);
#2520 = DIRECTION('',(0.894427191,-0.4472135955));
#2521 = ( GEOMETRIC_REPRESENTATION_CONTEXT(2) 
PARAMETRIC_REPRESENTATION_CONTEXT() REPRESENTATION_CONTEXT('2D SPACE',''
  ) );
#2522 = ORIENTED_EDGE('',*,*,#1383,.T.);
#2523 = ORIENTED_EDGE('',*,*,#2524,.T.);
#2524 = EDGE_CURVE('',#1360,#2525,#2527,.T.);
#2525 = VERTEX_POINT('',#2526);
#2526 = CARTESIAN_POINT('',(1.75,3.5,55.));
#2527 = SURFACE_CURVE('',#2528,(#2532,#2539),.PCURVE_S1.);
#2528 = LINE('',#2529,#2530);
#2529 = CARTESIAN_POINT('',(1.75,-3.5,55.));
#2530 = VECTOR('',#2531,1.);
#2531 = DIRECTION('',(0.,1.,0.));
#2532 = PCURVE('',#1397,#2533);
#2533 = DEFINITIONAL_REPRESENTATION('',(#2534),#2538);
#2534 = LINE('',#2535,#2536);
#2535 = CARTESIAN_POINT('',(0.,0.));
#2536 = VECTOR('',#2537,1.);
#2537 = DIRECTION('',(1.,0.));
#2538 = ( GEOMETRIC_REPRESENTATION_CONTEXT(2) 
PARAMETRIC_REPRESENTATION_CONTEXT() REPRESENTATION_CONTEXT('2D SPACE',''
  ) );
#2539 = PCURVE('',#2540,#2545);
#2540 = PLANE('',#2541);
#2541 = AXIS2_PLACEMENT_3D('',#2542,#2543,#2544);
#2542 = CARTESIAN_POINT('',(-1.75,-3.5,55.));
#2543 = DIRECTION('',(0.,0.,-1.));
#2544 = DIRECTION('',(0.4472135955,0.894427191,0.));
#2545 = DEFINITIONAL_REPRESENTATION('',(#2546),#2550);
#2546 = LINE('',#2547,#2548);
#2547 = CARTESIAN_POINT('',(1.56524758425,3.1304951685));
#2548 = VECTOR('',#2549,1.);
#2549 = DIRECTION('',(0.894427191,-0.4472135955));
#2550 = ( GEOMETRIC_REPRESENTATION_CONTEXT(2) 
PARAMETRIC_REPRESENTATION_CONTEXT() REPRESENTATION_CONTEXT('2D SPACE',''
  ) );
#2551 = ORIENTED_EDGE('',*,*,#2552,.T.);
#2552 = EDGE_CURVE('',#2525,#2553,#2555,.T.);
#2553 = VERTEX_POINT('',#2554);
#2554 = CARTESIAN_POINT('',(1.05,1.05,250.));
#2555 = SURFACE_CURVE('',#2556,(#2559,#2566),.PCURVE_S1.);
#2556 = B_SPLINE_CURVE_WITH_KNOTS('',1,(#2557,#2558),.UNSPECIFIED.,.F.,
  .F.,(2,2),(0.,1.),.PIECEWISE_BEZIER_KNOTS.);
#2557 = CARTESIAN_POINT('',(1.75,3.5,55.));
#2558 = CARTESIAN_POINT('',(1.05,1.05,250.));
#2559 = PCURVE('',#1397,#2560);
#2560 = DEFINITIONAL_REPRESENTATION('',(#2561),#2565);
#2561 = LINE('',#2562,#2563);
#2562 = CARTESIAN_POINT('',(7.,0.));
#2563 = VECTOR('',#2564,1.);
#2564 = DIRECTION('',(0.,1.));
#2565 = ( GEOMETRIC_REPRESENTATION_CONTEXT(2) 
PARAMETRIC_REPRESENTATION_CONTEXT() REPRESENTATION_CONTEXT('2D SPACE',''
  ) );
#2566 = PCURVE('',#2567,#2572);
#2567 = B_SPLINE_SURFACE_WITH_KNOTS('',1,1,(
    (#2568,#2569)
    ,(#2570,#2571
    )),.UNSPECIFIED.,.F.,.F.,.F.,(2,2),(2,2),(0.,3.5),(0.,1.),
  .PIECEWISE_BEZIER_KNOTS.);
#2568 = CARTESIAN_POINT('',(1.75,3.5,55.));
#2569 = CARTESIAN_POINT('',(1.05,1.05,250.));
#2570 = CARTESIAN_POINT('',(-1.75,3.5,55.));
#2571 = CARTESIAN_POINT('',(-1.05,1.05,250.));
#2572 = DEFINITIONAL_REPRESENTATION('',(#2573),#2577);
#2573 = LINE('',#2574,#2575);
#2574 = CARTESIAN_POINT('',(0.,0.));
#2575 = VECTOR('',#2576,1.);
#2576 = DIRECTION('',(0.,1.));
#2577 = ( GEOMETRIC_REPRESENTATION_CONTEXT(2) 
PARAMETRIC_REPRESENTATION_CONTEXT() REPRESENTATION_CONTEXT('2D SPACE',''
  ) );
#2578 = ORIENTED_EDGE('',*,*,#2579,.F.);
#2579 = EDGE_CURVE('',#2580,#2553,#2582,.T.);
#2580 = VERTEX_POINT('',#2581);
#2581 = CARTESIAN_POINT('',(1.05,-2.39610216373E-16,250.));
#2582 = SURFACE_CURVE('',#2583,(#2587,#2593),.PCURVE_S1.);
#2583 = LINE('',#2584,#2585);
#2584 = CARTESIAN_POINT('',(1.05,-1.05,250.));
#2585 = VECTOR('',#2586,1.);
#2586 = DIRECTION('',(0.,1.,0.));
#2587 = PCURVE('',#1397,#2588);
#2588 = DEFINITIONAL_REPRESENTATION('',(#2589),#2592);
#2589 = B_SPLINE_CURVE_WITH_KNOTS('',1,(#2590,#2591),.UNSPECIFIED.,.F.,
  .F.,(2,2),(0.,2.1),.PIECEWISE_BEZIER_KNOTS.);
#2590 = CARTESIAN_POINT('',(0.,1.));
#2591 = CARTESIAN_POINT('',(7.,1.));
#2592 = ( GEOMETRIC_REPRESENTATION_CONTEXT(2) 
PARAMETRIC_REPRESENTATION_CONTEXT() REPRESENTATION_CONTEXT('2D SPACE',''
  ) );
#2593 = PCURVE('',#2594,#2599);
#2594 = PLANE('',#2595);
#2595 = AXIS2_PLACEMENT_3D('',#2596,#2597,#2598);
#2596 = CARTESIAN_POINT('',(-1.05,-1.05,250.));
#2597 = DIRECTION('',(0.,0.,-1.));
#2598 = DIRECTION('',(0.707106781187,0.707106781187,0.));
#2599 = DEFINITIONAL_REPRESENTATION('',(#2600),#2604);
#2600 = LINE('',#2601,#2602);
#2601 = CARTESIAN_POINT('',(1.484924240492,1.484924240492));
#2602 = VECTOR('',#2603,1.);
#2603 = DIRECTION('',(0.707106781187,-0.707106781187));
#2604 = ( GEOMETRIC_REPRESENTATION_CONTEXT(2) 
PARAMETRIC_REPRESENTATION_CONTEXT() REPRESENTATION_CONTEXT('2D SPACE',''
  ) );
#2605 = ORIENTED_EDGE('',*,*,#2606,.F.);
#2606 = EDGE_CURVE('',#2607,#2580,#2609,.T.);
#2607 = VERTEX_POINT('',#2608);
#2608 = CARTESIAN_POINT('',(1.05,-1.05,250.));
#2609 = SURFACE_CURVE('',#2610,(#2614,#2620),.PCURVE_S1.);
#2610 = LINE('',#2611,#2612);
#2611 = CARTESIAN_POINT('',(1.05,-1.05,250.));
#2612 = VECTOR('',#2613,1.);
#2613 = DIRECTION('',(0.,1.,0.));
#2614 = PCURVE('',#1397,#2615);
#2615 = DEFINITIONAL_REPRESENTATION('',(#2616),#2619);
#2616 = B_SPLINE_CURVE_WITH_KNOTS('',1,(#2617,#2618),.UNSPECIFIED.,.F.,
  .F.,(2,2),(0.,2.1),.PIECEWISE_BEZIER_KNOTS.);
#2617 = CARTESIAN_POINT('',(0.,1.));
#2618 = CARTESIAN_POINT('',(7.,1.));
#2619 = ( GEOMETRIC_REPRESENTATION_CONTEXT(2) 
PARAMETRIC_REPRESENTATION_CONTEXT() REPRESENTATION_CONTEXT('2D SPACE',''
  ) );
#2620 = PCURVE('',#2621,#2626);
#2621 = PLANE('',#2622);
#2622 = AXIS2_PLACEMENT_3D('',#2623,#2624,#2625);
#2623 = CARTESIAN_POINT('',(-1.05,-1.05,250.));
#2624 = DIRECTION('',(0.,0.,-1.));
#2625 = DIRECTION('',(0.707106781187,0.707106781187,0.));
#2626 = DEFINITIONAL_REPRESENTATION('',(#2627),#2631);
#2627 = LINE('',#2628,#2629);
#2628 = CARTESIAN_POINT('',(1.484924240492,1.484924240492));
#2629 = VECTOR('',#2630,1.);
#2630 = DIRECTION('',(0.707106781187,-0.707106781187));
#2631 = ( GEOMETRIC_REPRESENTATION_CONTEXT(2) 
PARAMETRIC_REPRESENTATION_CONTEXT() REPRESENTATION_CONTEXT('2D SPACE',''
  ) );
#2632 = ORIENTED_EDGE('',*,*,#2633,.F.);
#2633 = EDGE_CURVE('',#2501,#2607,#2634,.T.);
#2634 = SURFACE_CURVE('',#2635,(#2638,#2645),.PCURVE_S1.);
#2635 = B_SPLINE_CURVE_WITH_KNOTS('',1,(#2636,#2637),.UNSPECIFIED.,.F.,
  .F.,(2,2),(0.,1.),.PIECEWISE_BEZIER_KNOTS.);
#2636 = CARTESIAN_POINT('',(1.75,-3.5,55.));
#2637 = CARTESIAN_POINT('',(1.05,-1.05,250.));
#2638 = PCURVE('',#1397,#2639);
#2639 = DEFINITIONAL_REPRESENTATION('',(#2640),#2644);
#2640 = LINE('',#2641,#2642);
#2641 = CARTESIAN_POINT('',(0.,0.));
#2642 = VECTOR('',#2643,1.);
#2643 = DIRECTION('',(0.,1.));
#2644 = ( GEOMETRIC_REPRESENTATION_CONTEXT(2) 
PARAMETRIC_REPRESENTATION_CONTEXT() REPRESENTATION_CONTEXT('2D SPACE',''
  ) );
#2645 = PCURVE('',#2646,#2651);
#2646 = B_SPLINE_SURFACE_WITH_KNOTS('',1,1,(
    (#2647,#2648)
    ,(#2649,#2650
    )),.UNSPECIFIED.,.F.,.F.,.F.,(2,2),(2,2),(0.,3.5),(0.,1.),
  .PIECEWISE_BEZIER_KNOTS.);
#2647 = CARTESIAN_POINT('',(-1.75,-3.5,55.));
#2648 = CARTESIAN_POINT('',(-1.05,-1.05,250.));
#2649 = CARTESIAN_POINT('',(1.75,-3.5,55.));
#2650 = CARTESIAN_POINT('',(1.05,-1.05,250.));
#2651 = DEFINITIONAL_REPRESENTATION('',(#2652),#2656);
#2652 = LINE('',#2653,#2654);
#2653 = CARTESIAN_POINT('',(3.5,0.));
#2654 = VECTOR('',#2655,1.);
#2655 = DIRECTION('',(0.,1.));
#2656 = ( GEOMETRIC_REPRESENTATION_CONTEXT(2) 
PARAMETRIC_REPRESENTATION_CONTEXT() REPRESENTATION_CONTEXT('2D SPACE',''
  ) );
#2657 = ADVANCED_FACE('',(#2658),#1347,.F.);
#2658 = FACE_BOUND('',#2659,.T.);
#2659 = EDGE_LOOP('',(#2660,#2689,#2710,#2711,#2737,#2738));
#2660 = ORIENTED_EDGE('',*,*,#2661,.F.);
#2661 = EDGE_CURVE('',#2662,#2662,#2664,.T.);
#2662 = VERTEX_POINT('',#2663);
#2663 = CARTESIAN_POINT('',(2.05,4.5,52.8));
#2664 = SURFACE_CURVE('',#2665,(#2670,#2677),.PCURVE_S1.);
#2665 = CIRCLE('',#2666,2.05);
#2666 = AXIS2_PLACEMENT_3D('',#2667,#2668,#2669);
#2667 = CARTESIAN_POINT('',(0.,4.5,52.8));
#2668 = DIRECTION('',(0.,0.,1.));
#2669 = DIRECTION('',(1.,0.,0.));
#2670 = PCURVE('',#1347,#2671);
#2671 = DEFINITIONAL_REPRESENTATION('',(#2672),#2676);
#2672 = LINE('',#2673,#2674);
#2673 = CARTESIAN_POINT('',(-0.,0.));
#2674 = VECTOR('',#2675,1.);
#2675 = DIRECTION('',(-1.,0.));
#2676 = ( GEOMETRIC_REPRESENTATION_CONTEXT(2) 
PARAMETRIC_REPRESENTATION_CONTEXT() REPRESENTATION_CONTEXT('2D SPACE',''
  ) );
#2677 = PCURVE('',#2678,#2683);
#2678 = PLANE('',#2679);
#2679 = AXIS2_PLACEMENT_3D('',#2680,#2681,#2682);
#2680 = CARTESIAN_POINT('',(-8.338049588655E-17,4.5,52.8));
#2681 = DIRECTION('',(0.,0.,1.));
#2682 = DIRECTION('',(1.,0.,-0.));
#2683 = DEFINITIONAL_REPRESENTATION('',(#2684),#2688);
#2684 = CIRCLE('',#2685,2.05);
#2685 = AXIS2_PLACEMENT_2D('',#2686,#2687);
#2686 = CARTESIAN_POINT('',(8.338049588655E-17,0.));
#2687 = DIRECTION('',(1.,0.));
#2688 = ( GEOMETRIC_REPRESENTATION_CONTEXT(2) 
PARAMETRIC_REPRESENTATION_CONTEXT() REPRESENTATION_CONTEXT('2D SPACE',''
  ) );
#2689 = ORIENTED_EDGE('',*,*,#2690,.T.);
#2690 = EDGE_CURVE('',#2662,#1331,#2691,.T.);
#2691 = SEAM_CURVE('',#2692,(#2696,#2703),.PCURVE_S1.);
#2692 = LINE('',#2693,#2694);
#2693 = CARTESIAN_POINT('',(2.05,4.5,52.8));
#2694 = VECTOR('',#2695,1.);
#2695 = DIRECTION('',(0.,0.,1.));
#2696 = PCURVE('',#1347,#2697);
#2697 = DEFINITIONAL_REPRESENTATION('',(#2698),#2702);
#2698 = LINE('',#2699,#2700);
#2699 = CARTESIAN_POINT('',(-6.28318530718,0.));
#2700 = VECTOR('',#2701,1.);
#2701 = DIRECTION('',(-0.,-1.));
#2702 = ( GEOMETRIC_REPRESENTATION_CONTEXT(2) 
PARAMETRIC_REPRESENTATION_CONTEXT() REPRESENTATION_CONTEXT('2D SPACE',''
  ) );
#2703 = PCURVE('',#1347,#2704);
#2704 = DEFINITIONAL_REPRESENTATION('',(#2705),#2709);
#2705 = LINE('',#2706,#2707);
#2706 = CARTESIAN_POINT('',(-0.,0.));
#2707 = VECTOR('',#2708,1.);
#2708 = DIRECTION('',(-0.,-1.));
#2709 = ( GEOMETRIC_REPRESENTATION_CONTEXT(2) 
PARAMETRIC_REPRESENTATION_CONTEXT() REPRESENTATION_CONTEXT('2D SPACE',''
  ) );
#2710 = ORIENTED_EDGE('',*,*,#1330,.T.);
#2711 = ORIENTED_EDGE('',*,*,#2712,.T.);
#2712 = EDGE_CURVE('',#1303,#1360,#2713,.T.);
#2713 = SURFACE_CURVE('',#2714,(#2719,#2726),.PCURVE_S1.);
#2714 = CIRCLE('',#2715,2.05);
#2715 = AXIS2_PLACEMENT_3D('',#2716,#2717,#2718);
#2716 = CARTESIAN_POINT('',(0.,4.5,55.));
#2717 = DIRECTION('',(0.,0.,1.));
#2718 = DIRECTION('',(1.,0.,0.));
#2719 = PCURVE('',#1347,#2720);
#2720 = DEFINITIONAL_REPRESENTATION('',(#2721),#2725);
#2721 = LINE('',#2722,#2723);
#2722 = CARTESIAN_POINT('',(-0.,-2.2));
#2723 = VECTOR('',#2724,1.);
#2724 = DIRECTION('',(-1.,0.));
#2725 = ( GEOMETRIC_REPRESENTATION_CONTEXT(2) 
PARAMETRIC_REPRESENTATION_CONTEXT() REPRESENTATION_CONTEXT('2D SPACE',''
  ) );
#2726 = PCURVE('',#2540,#2727);
#2727 = DEFINITIONAL_REPRESENTATION('',(#2728),#2736);
#2728 = ( BOUNDED_CURVE() B_SPLINE_CURVE(2,(#2729,#2730,#2731,#2732,
#2733,#2734,#2735),.UNSPECIFIED.,.T.,.F.) B_SPLINE_CURVE_WITH_KNOTS((1,2
    ,2,2,2,1),(-2.094395102393,0.,2.094395102393,4.188790204786,
6.28318530718,8.377580409573),.UNSPECIFIED.) CURVE() 
GEOMETRIC_REPRESENTATION_ITEM() RATIONAL_B_SPLINE_CURVE((1.,0.5,1.,0.5,
1.,0.5,1.)) REPRESENTATION_ITEM('') );
#2729 = CARTESIAN_POINT('',(8.854829190899,-0.1788854382));
#2730 = CARTESIAN_POINT('',(12.030675534789,-1.766808610145));
#2731 = CARTESIAN_POINT('',(9.067570556682,-3.723210636497));
#2732 = CARTESIAN_POINT('',(6.104465578574,-5.679612662849));
#2733 = CARTESIAN_POINT('',(5.891724212792,-2.135287464552));
#2734 = CARTESIAN_POINT('',(5.678982847009,1.409037733745));
#2735 = CARTESIAN_POINT('',(8.854829190899,-0.1788854382));
#2736 = ( GEOMETRIC_REPRESENTATION_CONTEXT(2) 
PARAMETRIC_REPRESENTATION_CONTEXT() REPRESENTATION_CONTEXT('2D SPACE',''
  ) );
#2737 = ORIENTED_EDGE('',*,*,#1359,.T.);
#2738 = ORIENTED_EDGE('',*,*,#2690,.F.);
#2739 = ADVANCED_FACE('',(#2740),#1318,.T.);
#2740 = FACE_BOUND('',#2741,.T.);
#2741 = EDGE_LOOP('',(#2742,#2765,#2766,#2789,#2811,#2838,#2865));
#2742 = ORIENTED_EDGE('',*,*,#2743,.T.);
#2743 = EDGE_CURVE('',#2744,#1303,#2746,.T.);
#2744 = VERTEX_POINT('',#2745);
#2745 = CARTESIAN_POINT('',(-1.75,3.5,55.));
#2746 = SURFACE_CURVE('',#2747,(#2751,#2758),.PCURVE_S1.);
#2747 = LINE('',#2748,#2749);
#2748 = CARTESIAN_POINT('',(-1.75,3.5,55.));
#2749 = VECTOR('',#2750,1.);
#2750 = DIRECTION('',(0.,-1.,0.));
#2751 = PCURVE('',#1318,#2752);
#2752 = DEFINITIONAL_REPRESENTATION('',(#2753),#2757);
#2753 = LINE('',#2754,#2755);
#2754 = CARTESIAN_POINT('',(0.,0.));
#2755 = VECTOR('',#2756,1.);
#2756 = DIRECTION('',(1.,0.));
#2757 = ( GEOMETRIC_REPRESENTATION_CONTEXT(2) 
PARAMETRIC_REPRESENTATION_CONTEXT() REPRESENTATION_CONTEXT('2D SPACE',''
  ) );
#2758 = PCURVE('',#2540,#2759);
#2759 = DEFINITIONAL_REPRESENTATION('',(#2760),#2764);
#2760 = LINE('',#2761,#2762);
#2761 = CARTESIAN_POINT('',(6.260990336999,-3.1304951685));
#2762 = VECTOR('',#2763,1.);
#2763 = DIRECTION('',(-0.894427191,0.4472135955));
#2764 = ( GEOMETRIC_REPRESENTATION_CONTEXT(2) 
PARAMETRIC_REPRESENTATION_CONTEXT() REPRESENTATION_CONTEXT('2D SPACE',''
  ) );
#2765 = ORIENTED_EDGE('',*,*,#1302,.T.);
#2766 = ORIENTED_EDGE('',*,*,#2767,.T.);
#2767 = EDGE_CURVE('',#1279,#2768,#2770,.T.);
#2768 = VERTEX_POINT('',#2769);
#2769 = CARTESIAN_POINT('',(-1.75,-3.5,55.));
#2770 = SURFACE_CURVE('',#2771,(#2775,#2782),.PCURVE_S1.);
#2771 = LINE('',#2772,#2773);
#2772 = CARTESIAN_POINT('',(-1.75,3.5,55.));
#2773 = VECTOR('',#2774,1.);
#2774 = DIRECTION('',(0.,-1.,0.));
#2775 = PCURVE('',#1318,#2776);
#2776 = DEFINITIONAL_REPRESENTATION('',(#2777),#2781);
#2777 = LINE('',#2778,#2779);
#2778 = CARTESIAN_POINT('',(0.,0.));
#2779 = VECTOR('',#2780,1.);
#2780 = DIRECTION('',(1.,0.));
#2781 = ( GEOMETRIC_REPRESENTATION_CONTEXT(2) 
PARAMETRIC_REPRESENTATION_CONTEXT() REPRESENTATION_CONTEXT('2D SPACE',''
  ) );
#2782 = PCURVE('',#2479,#2783);
#2783 = DEFINITIONAL_REPRESENTATION('',(#2784),#2788);
#2784 = LINE('',#2785,#2786);
#2785 = CARTESIAN_POINT('',(6.260990336999,-3.1304951685));
#2786 = VECTOR('',#2787,1.);
#2787 = DIRECTION('',(-0.894427191,0.4472135955));
#2788 = ( GEOMETRIC_REPRESENTATION_CONTEXT(2) 
PARAMETRIC_REPRESENTATION_CONTEXT() REPRESENTATION_CONTEXT('2D SPACE',''
  ) );
#2789 = ORIENTED_EDGE('',*,*,#2790,.T.);
#2790 = EDGE_CURVE('',#2768,#2791,#2793,.T.);
#2791 = VERTEX_POINT('',#2792);
#2792 = CARTESIAN_POINT('',(-1.05,-1.05,250.));
#2793 = SURFACE_CURVE('',#2794,(#2797,#2804),.PCURVE_S1.);
#2794 = B_SPLINE_CURVE_WITH_KNOTS('',1,(#2795,#2796),.UNSPECIFIED.,.F.,
  .F.,(2,2),(0.,1.),.PIECEWISE_BEZIER_KNOTS.);
#2795 = CARTESIAN_POINT('',(-1.75,-3.5,55.));
#2796 = CARTESIAN_POINT('',(-1.05,-1.05,250.));
#2797 = PCURVE('',#1318,#2798);
#2798 = DEFINITIONAL_REPRESENTATION('',(#2799),#2803);
#2799 = LINE('',#2800,#2801);
#2800 = CARTESIAN_POINT('',(7.,0.));
#2801 = VECTOR('',#2802,1.);
#2802 = DIRECTION('',(0.,1.));
#2803 = ( GEOMETRIC_REPRESENTATION_CONTEXT(2) 
PARAMETRIC_REPRESENTATION_CONTEXT() REPRESENTATION_CONTEXT('2D SPACE',''
  ) );
#2804 = PCURVE('',#2646,#2805);
#2805 = DEFINITIONAL_REPRESENTATION('',(#2806),#2810);
#2806 = LINE('',#2807,#2808);
#2807 = CARTESIAN_POINT('',(0.,0.));
#2808 = VECTOR('',#2809,1.);
#2809 = DIRECTION('',(0.,1.));
#2810 = ( GEOMETRIC_REPRESENTATION_CONTEXT(2) 
PARAMETRIC_REPRESENTATION_CONTEXT() REPRESENTATION_CONTEXT('2D SPACE',''
  ) );
#2811 = ORIENTED_EDGE('',*,*,#2812,.F.);
#2812 = EDGE_CURVE('',#2813,#2791,#2815,.T.);
#2813 = VERTEX_POINT('',#2814);
#2814 = CARTESIAN_POINT('',(-1.05,0.,250.));
#2815 = SURFACE_CURVE('',#2816,(#2820,#2826),.PCURVE_S1.);
#2816 = LINE('',#2817,#2818);
#2817 = CARTESIAN_POINT('',(-1.05,1.05,250.));
#2818 = VECTOR('',#2819,1.);
#2819 = DIRECTION('',(0.,-1.,0.));
#2820 = PCURVE('',#1318,#2821);
#2821 = DEFINITIONAL_REPRESENTATION('',(#2822),#2825);
#2822 = B_SPLINE_CURVE_WITH_KNOTS('',1,(#2823,#2824),.UNSPECIFIED.,.F.,
  .F.,(2,2),(0.,2.1),.PIECEWISE_BEZIER_KNOTS.);
#2823 = CARTESIAN_POINT('',(0.,1.));
#2824 = CARTESIAN_POINT('',(7.,1.));
#2825 = ( GEOMETRIC_REPRESENTATION_CONTEXT(2) 
PARAMETRIC_REPRESENTATION_CONTEXT() REPRESENTATION_CONTEXT('2D SPACE',''
  ) );
#2826 = PCURVE('',#2827,#2832);
#2827 = PLANE('',#2828);
#2828 = AXIS2_PLACEMENT_3D('',#2829,#2830,#2831);
#2829 = CARTESIAN_POINT('',(-1.05,-1.05,250.));
#2830 = DIRECTION('',(0.,0.,-1.));
#2831 = DIRECTION('',(0.707106781187,0.707106781187,0.));
#2832 = DEFINITIONAL_REPRESENTATION('',(#2833),#2837);
#2833 = LINE('',#2834,#2835);
#2834 = CARTESIAN_POINT('',(1.484924240492,-1.484924240492));
#2835 = VECTOR('',#2836,1.);
#2836 = DIRECTION('',(-0.707106781187,0.707106781187));
#2837 = ( GEOMETRIC_REPRESENTATION_CONTEXT(2) 
PARAMETRIC_REPRESENTATION_CONTEXT() REPRESENTATION_CONTEXT('2D SPACE',''
  ) );
#2838 = ORIENTED_EDGE('',*,*,#2839,.F.);
#2839 = EDGE_CURVE('',#2840,#2813,#2842,.T.);
#2840 = VERTEX_POINT('',#2841);
#2841 = CARTESIAN_POINT('',(-1.05,1.05,250.));
#2842 = SURFACE_CURVE('',#2843,(#2847,#2853),.PCURVE_S1.);
#2843 = LINE('',#2844,#2845);
#2844 = CARTESIAN_POINT('',(-1.05,1.05,250.));
#2845 = VECTOR('',#2846,1.);
#2846 = DIRECTION('',(0.,-1.,0.));
#2847 = PCURVE('',#1318,#2848);
#2848 = DEFINITIONAL_REPRESENTATION('',(#2849),#2852);
#2849 = B_SPLINE_CURVE_WITH_KNOTS('',1,(#2850,#2851),.UNSPECIFIED.,.F.,
  .F.,(2,2),(0.,2.1),.PIECEWISE_BEZIER_KNOTS.);
#2850 = CARTESIAN_POINT('',(0.,1.));
#2851 = CARTESIAN_POINT('',(7.,1.));
#2852 = ( GEOMETRIC_REPRESENTATION_CONTEXT(2) 
PARAMETRIC_REPRESENTATION_CONTEXT() REPRESENTATION_CONTEXT('2D SPACE',''
  ) );
#2853 = PCURVE('',#2854,#2859);
#2854 = PLANE('',#2855);
#2855 = AXIS2_PLACEMENT_3D('',#2856,#2857,#2858);
#2856 = CARTESIAN_POINT('',(-1.05,-1.05,250.));
#2857 = DIRECTION('',(0.,0.,-1.));
#2858 = DIRECTION('',(0.707106781187,0.707106781187,0.));
#2859 = DEFINITIONAL_REPRESENTATION('',(#2860),#2864);
#2860 = LINE('',#2861,#2862);
#2861 = CARTESIAN_POINT('',(1.484924240492,-1.484924240492));
#2862 = VECTOR('',#2863,1.);
#2863 = DIRECTION('',(-0.707106781187,0.707106781187));
#2864 = ( GEOMETRIC_REPRESENTATION_CONTEXT(2) 
PARAMETRIC_REPRESENTATION_CONTEXT() REPRESENTATION_CONTEXT('2D SPACE',''
  ) );
#2865 = ORIENTED_EDGE('',*,*,#2866,.F.);
#2866 = EDGE_CURVE('',#2744,#2840,#2867,.T.);
#2867 = SURFACE_CURVE('',#2868,(#2871,#2878),.PCURVE_S1.);
#2868 = B_SPLINE_CURVE_WITH_KNOTS('',1,(#2869,#2870),.UNSPECIFIED.,.F.,
  .F.,(2,2),(0.,1.),.PIECEWISE_BEZIER_KNOTS.);
#2869 = CARTESIAN_POINT('',(-1.75,3.5,55.));
#2870 = CARTESIAN_POINT('',(-1.05,1.05,250.));
#2871 = PCURVE('',#1318,#2872);
#2872 = DEFINITIONAL_REPRESENTATION('',(#2873),#2877);
#2873 = LINE('',#2874,#2875);
#2874 = CARTESIAN_POINT('',(0.,0.));
#2875 = VECTOR('',#2876,1.);
#2876 = DIRECTION('',(0.,1.));
#2877 = ( GEOMETRIC_REPRESENTATION_CONTEXT(2) 
PARAMETRIC_REPRESENTATION_CONTEXT() REPRESENTATION_CONTEXT('2D SPACE',''
  ) );
#2878 = PCURVE('',#2567,#2879);
#2879 = DEFINITIONAL_REPRESENTATION('',(#2880),#2884);
#2880 = LINE('',#2881,#2882);
#2881 = CARTESIAN_POINT('',(3.5,0.));
#2882 = VECTOR('',#2883,1.);
#2883 = DIRECTION('',(0.,1.));
#2884 = ( GEOMETRIC_REPRESENTATION_CONTEXT(2) 
PARAMETRIC_REPRESENTATION_CONTEXT() REPRESENTATION_CONTEXT('2D SPACE',''
  ) );
#2885 = ADVANCED_FACE('',(#2886),#1544,.T.);
#2886 = FACE_BOUND('',#2887,.T.);
#2887 = EDGE_LOOP('',(#2888,#2889,#2912,#2940));
#2888 = ORIENTED_EDGE('',*,*,#1527,.F.);
#2889 = ORIENTED_EDGE('',*,*,#2890,.T.);
#2890 = EDGE_CURVE('',#1528,#2891,#2893,.T.);
#2891 = VERTEX_POINT('',#2892);
#2892 = CARTESIAN_POINT('',(-0.82,-2.59,46.));
#2893 = SURFACE_CURVE('',#2894,(#2898,#2905),.PCURVE_S1.);
#2894 = LINE('',#2895,#2896);
#2895 = CARTESIAN_POINT('',(-0.82,-2.59,1.));
#2896 = VECTOR('',#2897,1.);
#2897 = DIRECTION('',(0.,0.,1.));
#2898 = PCURVE('',#1544,#2899);
#2899 = DEFINITIONAL_REPRESENTATION('',(#2900),#2904);
#2900 = LINE('',#2901,#2902);
#2901 = CARTESIAN_POINT('',(0.5,-1.));
#2902 = VECTOR('',#2903,1.);
#2903 = DIRECTION('',(0.,-1.));
#2904 = ( GEOMETRIC_REPRESENTATION_CONTEXT(2) 
PARAMETRIC_REPRESENTATION_CONTEXT() REPRESENTATION_CONTEXT('2D SPACE',''
  ) );
#2905 = PCURVE('',#1605,#2906);
#2906 = DEFINITIONAL_REPRESENTATION('',(#2907),#2911);
#2907 = LINE('',#2908,#2909);
#2908 = CARTESIAN_POINT('',(-0.,0.));
#2909 = VECTOR('',#2910,1.);
#2910 = DIRECTION('',(-0.,1.));
#2911 = ( GEOMETRIC_REPRESENTATION_CONTEXT(2) 
PARAMETRIC_REPRESENTATION_CONTEXT() REPRESENTATION_CONTEXT('2D SPACE',''
  ) );
#2912 = ORIENTED_EDGE('',*,*,#2913,.T.);
#2913 = EDGE_CURVE('',#2891,#2914,#2916,.T.);
#2914 = VERTEX_POINT('',#2915);
#2915 = CARTESIAN_POINT('',(0.82,-2.59,46.));
#2916 = SURFACE_CURVE('',#2917,(#2921,#2928),.PCURVE_S1.);
#2917 = LINE('',#2918,#2919);
#2918 = CARTESIAN_POINT('',(-1.32,-2.59,46.));
#2919 = VECTOR('',#2920,1.);
#2920 = DIRECTION('',(1.,0.,0.));
#2921 = PCURVE('',#1544,#2922);
#2922 = DEFINITIONAL_REPRESENTATION('',(#2923),#2927);
#2923 = LINE('',#2924,#2925);
#2924 = CARTESIAN_POINT('',(0.,-46.));
#2925 = VECTOR('',#2926,1.);
#2926 = DIRECTION('',(1.,0.));
#2927 = ( GEOMETRIC_REPRESENTATION_CONTEXT(2) 
PARAMETRIC_REPRESENTATION_CONTEXT() REPRESENTATION_CONTEXT('2D SPACE',''
  ) );
#2928 = PCURVE('',#2929,#2934);
#2929 = PLANE('',#2930);
#2930 = AXIS2_PLACEMENT_3D('',#2931,#2932,#2933);
#2931 = CARTESIAN_POINT('',(0.,-5.678890151535E-17,46.));
#2932 = DIRECTION('',(0.,0.,1.));
#2933 = DIRECTION('',(1.,0.,-0.));
#2934 = DEFINITIONAL_REPRESENTATION('',(#2935),#2939);
#2935 = LINE('',#2936,#2937);
#2936 = CARTESIAN_POINT('',(-1.32,-2.59));
#2937 = VECTOR('',#2938,1.);
#2938 = DIRECTION('',(1.,0.));
#2939 = ( GEOMETRIC_REPRESENTATION_CONTEXT(2) 
PARAMETRIC_REPRESENTATION_CONTEXT() REPRESENTATION_CONTEXT('2D SPACE',''
  ) );
#2940 = ORIENTED_EDGE('',*,*,#2941,.F.);
#2941 = EDGE_CURVE('',#1530,#2914,#2942,.T.);
#2942 = SURFACE_CURVE('',#2943,(#2947,#2954),.PCURVE_S1.);
#2943 = LINE('',#2944,#2945);
#2944 = CARTESIAN_POINT('',(0.82,-2.59,1.));
#2945 = VECTOR('',#2946,1.);
#2946 = DIRECTION('',(0.,0.,1.));
#2947 = PCURVE('',#1544,#2948);
#2948 = DEFINITIONAL_REPRESENTATION('',(#2949),#2953);
#2949 = LINE('',#2950,#2951);
#2950 = CARTESIAN_POINT('',(2.14,-1.));
#2951 = VECTOR('',#2952,1.);
#2952 = DIRECTION('',(0.,-1.));
#2953 = ( GEOMETRIC_REPRESENTATION_CONTEXT(2) 
PARAMETRIC_REPRESENTATION_CONTEXT() REPRESENTATION_CONTEXT('2D SPACE',''
  ) );
#2954 = PCURVE('',#1787,#2955);
#2955 = DEFINITIONAL_REPRESENTATION('',(#2956),#2960);
#2956 = LINE('',#2957,#2958);
#2957 = CARTESIAN_POINT('',(0.,0.));
#2958 = VECTOR('',#2959,1.);
#2959 = DIRECTION('',(0.,1.));
#2960 = ( GEOMETRIC_REPRESENTATION_CONTEXT(2) 
PARAMETRIC_REPRESENTATION_CONTEXT() REPRESENTATION_CONTEXT('2D SPACE',''
  ) );
#2961 = ADVANCED_FACE('',(#2962),#1605,.F.);
#2962 = FACE_BOUND('',#2963,.T.);
#2963 = EDGE_LOOP('',(#2964,#2965,#2966,#2989,#3015));
#2964 = ORIENTED_EDGE('',*,*,#1556,.T.);
#2965 = ORIENTED_EDGE('',*,*,#2350,.T.);
#2966 = ORIENTED_EDGE('',*,*,#2967,.T.);
#2967 = EDGE_CURVE('',#2261,#2968,#2970,.T.);
#2968 = VERTEX_POINT('',#2969);
#2969 = CARTESIAN_POINT('',(-1.32,-2.09,46.));
#2970 = SURFACE_CURVE('',#2971,(#2975,#2982),.PCURVE_S1.);
#2971 = LINE('',#2972,#2973);
#2972 = CARTESIAN_POINT('',(-1.32,-2.09,1.));
#2973 = VECTOR('',#2974,1.);
#2974 = DIRECTION('',(0.,0.,1.));
#2975 = PCURVE('',#1605,#2976);
#2976 = DEFINITIONAL_REPRESENTATION('',(#2977),#2981);
#2977 = LINE('',#2978,#2979);
#2978 = CARTESIAN_POINT('',(-1.570796326795,0.));
#2979 = VECTOR('',#2980,1.);
#2980 = DIRECTION('',(-0.,1.));
#2981 = ( GEOMETRIC_REPRESENTATION_CONTEXT(2) 
PARAMETRIC_REPRESENTATION_CONTEXT() REPRESENTATION_CONTEXT('2D SPACE',''
  ) );
#2982 = PCURVE('',#2275,#2983);
#2983 = DEFINITIONAL_REPRESENTATION('',(#2984),#2988);
#2984 = LINE('',#2985,#2986);
#2985 = CARTESIAN_POINT('',(4.68,-1.));
#2986 = VECTOR('',#2987,1.);
#2987 = DIRECTION('',(0.,-1.));
#2988 = ( GEOMETRIC_REPRESENTATION_CONTEXT(2) 
PARAMETRIC_REPRESENTATION_CONTEXT() REPRESENTATION_CONTEXT('2D SPACE',''
  ) );
#2989 = ORIENTED_EDGE('',*,*,#2990,.F.);
#2990 = EDGE_CURVE('',#2891,#2968,#2991,.T.);
#2991 = SURFACE_CURVE('',#2992,(#2997,#3004),.PCURVE_S1.);
#2992 = CIRCLE('',#2993,0.5);
#2993 = AXIS2_PLACEMENT_3D('',#2994,#2995,#2996);
#2994 = CARTESIAN_POINT('',(-0.82,-2.09,46.));
#2995 = DIRECTION('',(-0.,-0.,-1.));
#2996 = DIRECTION('',(0.,-1.,0.));
#2997 = PCURVE('',#1605,#2998);
#2998 = DEFINITIONAL_REPRESENTATION('',(#2999),#3003);
#2999 = LINE('',#3000,#3001);
#3000 = CARTESIAN_POINT('',(-0.,45.));
#3001 = VECTOR('',#3002,1.);
#3002 = DIRECTION('',(-1.,0.));
#3003 = ( GEOMETRIC_REPRESENTATION_CONTEXT(2) 
PARAMETRIC_REPRESENTATION_CONTEXT() REPRESENTATION_CONTEXT('2D SPACE',''
  ) );
#3004 = PCURVE('',#2929,#3005);
#3005 = DEFINITIONAL_REPRESENTATION('',(#3006),#3014);
#3006 = ( BOUNDED_CURVE() B_SPLINE_CURVE(2,(#3007,#3008,#3009,#3010,
#3011,#3012,#3013),.UNSPECIFIED.,.T.,.F.) B_SPLINE_CURVE_WITH_KNOTS((1,2
    ,2,2,2,1),(-2.094395102393,0.,2.094395102393,4.188790204786,
6.28318530718,8.377580409573),.UNSPECIFIED.) CURVE() 
GEOMETRIC_REPRESENTATION_ITEM() RATIONAL_B_SPLINE_CURVE((1.,0.5,1.,0.5,
1.,0.5,1.)) REPRESENTATION_ITEM('') );
#3007 = CARTESIAN_POINT('',(-0.82,-2.59));
#3008 = CARTESIAN_POINT('',(-1.686025403784,-2.59));
#3009 = CARTESIAN_POINT('',(-1.253012701892,-1.84));
#3010 = CARTESIAN_POINT('',(-0.82,-1.09));
#3011 = CARTESIAN_POINT('',(-0.386987298108,-1.84));
#3012 = CARTESIAN_POINT('',(4.602540378444E-02,-2.59));
#3013 = CARTESIAN_POINT('',(-0.82,-2.59));
#3014 = ( GEOMETRIC_REPRESENTATION_CONTEXT(2) 
PARAMETRIC_REPRESENTATION_CONTEXT() REPRESENTATION_CONTEXT('2D SPACE',''
  ) );
#3015 = ORIENTED_EDGE('',*,*,#2890,.F.);
#3016 = ADVANCED_FACE('',(#3017),#1787,.F.);
#3017 = FACE_BOUND('',#3018,.F.);
#3018 = EDGE_LOOP('',(#3019,#3020,#3021,#3044,#3066));
#3019 = ORIENTED_EDGE('',*,*,#1733,.T.);
#3020 = ORIENTED_EDGE('',*,*,#1844,.T.);
#3021 = ORIENTED_EDGE('',*,*,#3022,.T.);
#3022 = EDGE_CURVE('',#1816,#3023,#3025,.T.);
#3023 = VERTEX_POINT('',#3024);
#3024 = CARTESIAN_POINT('',(1.32,-2.09,46.));
#3025 = SURFACE_CURVE('',#3026,(#3030,#3037),.PCURVE_S1.);
#3026 = LINE('',#3027,#3028);
#3027 = CARTESIAN_POINT('',(1.32,-2.09,1.));
#3028 = VECTOR('',#3029,1.);
#3029 = DIRECTION('',(0.,0.,1.));
#3030 = PCURVE('',#1787,#3031);
#3031 = DEFINITIONAL_REPRESENTATION('',(#3032),#3036);
#3032 = LINE('',#3033,#3034);
#3033 = CARTESIAN_POINT('',(1.570796326795,0.));
#3034 = VECTOR('',#3035,1.);
#3035 = DIRECTION('',(0.,1.));
#3036 = ( GEOMETRIC_REPRESENTATION_CONTEXT(2) 
PARAMETRIC_REPRESENTATION_CONTEXT() REPRESENTATION_CONTEXT('2D SPACE',''
  ) );
#3037 = PCURVE('',#1832,#3038);
#3038 = DEFINITIONAL_REPRESENTATION('',(#3039),#3043);
#3039 = LINE('',#3040,#3041);
#3040 = CARTESIAN_POINT('',(0.5,-1.));
#3041 = VECTOR('',#3042,1.);
#3042 = DIRECTION('',(0.,-1.));
#3043 = ( GEOMETRIC_REPRESENTATION_CONTEXT(2) 
PARAMETRIC_REPRESENTATION_CONTEXT() REPRESENTATION_CONTEXT('2D SPACE',''
  ) );
#3044 = ORIENTED_EDGE('',*,*,#3045,.F.);
#3045 = EDGE_CURVE('',#2914,#3023,#3046,.T.);
#3046 = SURFACE_CURVE('',#3047,(#3052,#3059),.PCURVE_S1.);
#3047 = CIRCLE('',#3048,0.5);
#3048 = AXIS2_PLACEMENT_3D('',#3049,#3050,#3051);
#3049 = CARTESIAN_POINT('',(0.82,-2.09,46.));
#3050 = DIRECTION('',(0.,0.,1.));
#3051 = DIRECTION('',(0.,-1.,0.));
#3052 = PCURVE('',#1787,#3053);
#3053 = DEFINITIONAL_REPRESENTATION('',(#3054),#3058);
#3054 = LINE('',#3055,#3056);
#3055 = CARTESIAN_POINT('',(0.,45.));
#3056 = VECTOR('',#3057,1.);
#3057 = DIRECTION('',(1.,0.));
#3058 = ( GEOMETRIC_REPRESENTATION_CONTEXT(2) 
PARAMETRIC_REPRESENTATION_CONTEXT() REPRESENTATION_CONTEXT('2D SPACE',''
  ) );
#3059 = PCURVE('',#2929,#3060);
#3060 = DEFINITIONAL_REPRESENTATION('',(#3061),#3065);
#3061 = CIRCLE('',#3062,0.5);
#3062 = AXIS2_PLACEMENT_2D('',#3063,#3064);
#3063 = CARTESIAN_POINT('',(0.82,-2.09));
#3064 = DIRECTION('',(0.,-1.));
#3065 = ( GEOMETRIC_REPRESENTATION_CONTEXT(2) 
PARAMETRIC_REPRESENTATION_CONTEXT() REPRESENTATION_CONTEXT('2D SPACE',''
  ) );
#3066 = ORIENTED_EDGE('',*,*,#2941,.F.);
#3067 = ADVANCED_FACE('',(#3068),#1832,.T.);
#3068 = FACE_BOUND('',#3069,.T.);
#3069 = EDGE_LOOP('',(#3070,#3071,#3072,#3095));
#3070 = ORIENTED_EDGE('',*,*,#1815,.F.);
#3071 = ORIENTED_EDGE('',*,*,#3022,.T.);
#3072 = ORIENTED_EDGE('',*,*,#3073,.T.);
#3073 = EDGE_CURVE('',#3023,#3074,#3076,.T.);
#3074 = VERTEX_POINT('',#3075);
#3075 = CARTESIAN_POINT('',(1.32,2.09,46.));
#3076 = SURFACE_CURVE('',#3077,(#3081,#3088),.PCURVE_S1.);
#3077 = LINE('',#3078,#3079);
#3078 = CARTESIAN_POINT('',(1.32,-2.59,46.));
#3079 = VECTOR('',#3080,1.);
#3080 = DIRECTION('',(0.,1.,0.));
#3081 = PCURVE('',#1832,#3082);
#3082 = DEFINITIONAL_REPRESENTATION('',(#3083),#3087);
#3083 = LINE('',#3084,#3085);
#3084 = CARTESIAN_POINT('',(0.,-46.));
#3085 = VECTOR('',#3086,1.);
#3086 = DIRECTION('',(1.,0.));
#3087 = ( GEOMETRIC_REPRESENTATION_CONTEXT(2) 
PARAMETRIC_REPRESENTATION_CONTEXT() REPRESENTATION_CONTEXT('2D SPACE',''
  ) );
#3088 = PCURVE('',#2929,#3089);
#3089 = DEFINITIONAL_REPRESENTATION('',(#3090),#3094);
#3090 = LINE('',#3091,#3092);
#3091 = CARTESIAN_POINT('',(1.32,-2.59));
#3092 = VECTOR('',#3093,1.);
#3093 = DIRECTION('',(0.,1.));
#3094 = ( GEOMETRIC_REPRESENTATION_CONTEXT(2) 
PARAMETRIC_REPRESENTATION_CONTEXT() REPRESENTATION_CONTEXT('2D SPACE',''
  ) );
#3095 = ORIENTED_EDGE('',*,*,#3096,.F.);
#3096 = EDGE_CURVE('',#1818,#3074,#3097,.T.);
#3097 = SURFACE_CURVE('',#3098,(#3102,#3109),.PCURVE_S1.);
#3098 = LINE('',#3099,#3100);
#3099 = CARTESIAN_POINT('',(1.32,2.09,1.));
#3100 = VECTOR('',#3101,1.);
#3101 = DIRECTION('',(0.,0.,1.));
#3102 = PCURVE('',#1832,#3103);
#3103 = DEFINITIONAL_REPRESENTATION('',(#3104),#3108);
#3104 = LINE('',#3105,#3106);
#3105 = CARTESIAN_POINT('',(4.68,-1.));
#3106 = VECTOR('',#3107,1.);
#3107 = DIRECTION('',(0.,-1.));
#3108 = ( GEOMETRIC_REPRESENTATION_CONTEXT(2) 
PARAMETRIC_REPRESENTATION_CONTEXT() REPRESENTATION_CONTEXT('2D SPACE',''
  ) );
#3109 = PCURVE('',#1974,#3110);
#3110 = DEFINITIONAL_REPRESENTATION('',(#3111),#3115);
#3111 = LINE('',#3112,#3113);
#3112 = CARTESIAN_POINT('',(0.,0.));
#3113 = VECTOR('',#3114,1.);
#3114 = DIRECTION('',(0.,1.));
#3115 = ( GEOMETRIC_REPRESENTATION_CONTEXT(2) 
PARAMETRIC_REPRESENTATION_CONTEXT() REPRESENTATION_CONTEXT('2D SPACE',''
  ) );
#3116 = ADVANCED_FACE('',(#3117),#1974,.F.);
#3117 = FACE_BOUND('',#3118,.F.);
#3118 = EDGE_LOOP('',(#3119,#3120,#3121,#3144,#3166));
#3119 = ORIENTED_EDGE('',*,*,#1932,.T.);
#3120 = ORIENTED_EDGE('',*,*,#2029,.T.);
#3121 = ORIENTED_EDGE('',*,*,#3122,.T.);
#3122 = EDGE_CURVE('',#2001,#3123,#3125,.T.);
#3123 = VERTEX_POINT('',#3124);
#3124 = CARTESIAN_POINT('',(0.82,2.59,46.));
#3125 = SURFACE_CURVE('',#3126,(#3130,#3137),.PCURVE_S1.);
#3126 = LINE('',#3127,#3128);
#3127 = CARTESIAN_POINT('',(0.82,2.59,1.));
#3128 = VECTOR('',#3129,1.);
#3129 = DIRECTION('',(0.,0.,1.));
#3130 = PCURVE('',#1974,#3131);
#3131 = DEFINITIONAL_REPRESENTATION('',(#3132),#3136);
#3132 = LINE('',#3133,#3134);
#3133 = CARTESIAN_POINT('',(1.570796326795,0.));
#3134 = VECTOR('',#3135,1.);
#3135 = DIRECTION('',(0.,1.));
#3136 = ( GEOMETRIC_REPRESENTATION_CONTEXT(2) 
PARAMETRIC_REPRESENTATION_CONTEXT() REPRESENTATION_CONTEXT('2D SPACE',''
  ) );
#3137 = PCURVE('',#2017,#3138);
#3138 = DEFINITIONAL_REPRESENTATION('',(#3139),#3143);
#3139 = LINE('',#3140,#3141);
#3140 = CARTESIAN_POINT('',(0.5,-1.));
#3141 = VECTOR('',#3142,1.);
#3142 = DIRECTION('',(0.,-1.));
#3143 = ( GEOMETRIC_REPRESENTATION_CONTEXT(2) 
PARAMETRIC_REPRESENTATION_CONTEXT() REPRESENTATION_CONTEXT('2D SPACE',''
  ) );
#3144 = ORIENTED_EDGE('',*,*,#3145,.F.);
#3145 = EDGE_CURVE('',#3074,#3123,#3146,.T.);
#3146 = SURFACE_CURVE('',#3147,(#3152,#3159),.PCURVE_S1.);
#3147 = CIRCLE('',#3148,0.5);
#3148 = AXIS2_PLACEMENT_3D('',#3149,#3150,#3151);
#3149 = CARTESIAN_POINT('',(0.82,2.09,46.));
#3150 = DIRECTION('',(0.,0.,1.));
#3151 = DIRECTION('',(0.,-1.,0.));
#3152 = PCURVE('',#1974,#3153);
#3153 = DEFINITIONAL_REPRESENTATION('',(#3154),#3158);
#3154 = LINE('',#3155,#3156);
#3155 = CARTESIAN_POINT('',(-1.570796326795,45.));
#3156 = VECTOR('',#3157,1.);
#3157 = DIRECTION('',(1.,0.));
#3158 = ( GEOMETRIC_REPRESENTATION_CONTEXT(2) 
PARAMETRIC_REPRESENTATION_CONTEXT() REPRESENTATION_CONTEXT('2D SPACE',''
  ) );
#3159 = PCURVE('',#2929,#3160);
#3160 = DEFINITIONAL_REPRESENTATION('',(#3161),#3165);
#3161 = CIRCLE('',#3162,0.5);
#3162 = AXIS2_PLACEMENT_2D('',#3163,#3164);
#3163 = CARTESIAN_POINT('',(0.82,2.09));
#3164 = DIRECTION('',(0.,-1.));
#3165 = ( GEOMETRIC_REPRESENTATION_CONTEXT(2) 
PARAMETRIC_REPRESENTATION_CONTEXT() REPRESENTATION_CONTEXT('2D SPACE',''
  ) );
#3166 = ORIENTED_EDGE('',*,*,#3096,.F.);
#3167 = ADVANCED_FACE('',(#3168),#2017,.T.);
#3168 = FACE_BOUND('',#3169,.T.);
#3169 = EDGE_LOOP('',(#3170,#3171,#3172,#3195));
#3170 = ORIENTED_EDGE('',*,*,#2000,.F.);
#3171 = ORIENTED_EDGE('',*,*,#3122,.T.);
#3172 = ORIENTED_EDGE('',*,*,#3173,.T.);
#3173 = EDGE_CURVE('',#3123,#3174,#3176,.T.);
#3174 = VERTEX_POINT('',#3175);
#3175 = CARTESIAN_POINT('',(-0.82,2.59,46.));
#3176 = SURFACE_CURVE('',#3177,(#3181,#3188),.PCURVE_S1.);
#3177 = LINE('',#3178,#3179);
#3178 = CARTESIAN_POINT('',(1.32,2.59,46.));
#3179 = VECTOR('',#3180,1.);
#3180 = DIRECTION('',(-1.,0.,0.));
#3181 = PCURVE('',#2017,#3182);
#3182 = DEFINITIONAL_REPRESENTATION('',(#3183),#3187);
#3183 = LINE('',#3184,#3185);
#3184 = CARTESIAN_POINT('',(0.,-46.));
#3185 = VECTOR('',#3186,1.);
#3186 = DIRECTION('',(1.,0.));
#3187 = ( GEOMETRIC_REPRESENTATION_CONTEXT(2) 
PARAMETRIC_REPRESENTATION_CONTEXT() REPRESENTATION_CONTEXT('2D SPACE',''
  ) );
#3188 = PCURVE('',#2929,#3189);
#3189 = DEFINITIONAL_REPRESENTATION('',(#3190),#3194);
#3190 = LINE('',#3191,#3192);
#3191 = CARTESIAN_POINT('',(1.32,2.59));
#3192 = VECTOR('',#3193,1.);
#3193 = DIRECTION('',(-1.,0.));
#3194 = ( GEOMETRIC_REPRESENTATION_CONTEXT(2) 
PARAMETRIC_REPRESENTATION_CONTEXT() REPRESENTATION_CONTEXT('2D SPACE',''
  ) );
#3195 = ORIENTED_EDGE('',*,*,#3196,.F.);
#3196 = EDGE_CURVE('',#2003,#3174,#3197,.T.);
#3197 = SURFACE_CURVE('',#3198,(#3202,#3209),.PCURVE_S1.);
#3198 = LINE('',#3199,#3200);
#3199 = CARTESIAN_POINT('',(-0.82,2.59,1.));
#3200 = VECTOR('',#3201,1.);
#3201 = DIRECTION('',(0.,0.,1.));
#3202 = PCURVE('',#2017,#3203);
#3203 = DEFINITIONAL_REPRESENTATION('',(#3204),#3208);
#3204 = LINE('',#3205,#3206);
#3205 = CARTESIAN_POINT('',(2.14,-1.));
#3206 = VECTOR('',#3207,1.);
#3207 = DIRECTION('',(0.,-1.));
#3208 = ( GEOMETRIC_REPRESENTATION_CONTEXT(2) 
PARAMETRIC_REPRESENTATION_CONTEXT() REPRESENTATION_CONTEXT('2D SPACE',''
  ) );
#3209 = PCURVE('',#2230,#3210);
#3210 = DEFINITIONAL_REPRESENTATION('',(#3211),#3215);
#3211 = LINE('',#3212,#3213);
#3212 = CARTESIAN_POINT('',(0.,0.));
#3213 = VECTOR('',#3214,1.);
#3214 = DIRECTION('',(0.,1.));
#3215 = ( GEOMETRIC_REPRESENTATION_CONTEXT(2) 
PARAMETRIC_REPRESENTATION_CONTEXT() REPRESENTATION_CONTEXT('2D SPACE',''
  ) );
#3216 = ADVANCED_FACE('',(#3217),#2230,.F.);
#3217 = FACE_BOUND('',#3218,.F.);
#3218 = EDGE_LOOP('',(#3219,#3220,#3221,#3244,#3266));
#3219 = ORIENTED_EDGE('',*,*,#2176,.T.);
#3220 = ORIENTED_EDGE('',*,*,#2287,.T.);
#3221 = ORIENTED_EDGE('',*,*,#3222,.T.);
#3222 = EDGE_CURVE('',#2259,#3223,#3225,.T.);
#3223 = VERTEX_POINT('',#3224);
#3224 = CARTESIAN_POINT('',(-1.32,2.09,46.));
#3225 = SURFACE_CURVE('',#3226,(#3230,#3237),.PCURVE_S1.);
#3226 = LINE('',#3227,#3228);
#3227 = CARTESIAN_POINT('',(-1.32,2.09,1.));
#3228 = VECTOR('',#3229,1.);
#3229 = DIRECTION('',(0.,0.,1.));
#3230 = PCURVE('',#2230,#3231);
#3231 = DEFINITIONAL_REPRESENTATION('',(#3232),#3236);
#3232 = LINE('',#3233,#3234);
#3233 = CARTESIAN_POINT('',(1.570796326795,0.));
#3234 = VECTOR('',#3235,1.);
#3235 = DIRECTION('',(0.,1.));
#3236 = ( GEOMETRIC_REPRESENTATION_CONTEXT(2) 
PARAMETRIC_REPRESENTATION_CONTEXT() REPRESENTATION_CONTEXT('2D SPACE',''
  ) );
#3237 = PCURVE('',#2275,#3238);
#3238 = DEFINITIONAL_REPRESENTATION('',(#3239),#3243);
#3239 = LINE('',#3240,#3241);
#3240 = CARTESIAN_POINT('',(0.5,-1.));
#3241 = VECTOR('',#3242,1.);
#3242 = DIRECTION('',(0.,-1.));
#3243 = ( GEOMETRIC_REPRESENTATION_CONTEXT(2) 
PARAMETRIC_REPRESENTATION_CONTEXT() REPRESENTATION_CONTEXT('2D SPACE',''
  ) );
#3244 = ORIENTED_EDGE('',*,*,#3245,.F.);
#3245 = EDGE_CURVE('',#3174,#3223,#3246,.T.);
#3246 = SURFACE_CURVE('',#3247,(#3252,#3259),.PCURVE_S1.);
#3247 = CIRCLE('',#3248,0.5);
#3248 = AXIS2_PLACEMENT_3D('',#3249,#3250,#3251);
#3249 = CARTESIAN_POINT('',(-0.82,2.09,46.));
#3250 = DIRECTION('',(0.,0.,1.));
#3251 = DIRECTION('',(0.,-1.,0.));
#3252 = PCURVE('',#2230,#3253);
#3253 = DEFINITIONAL_REPRESENTATION('',(#3254),#3258);
#3254 = LINE('',#3255,#3256);
#3255 = CARTESIAN_POINT('',(-3.14159265359,45.));
#3256 = VECTOR('',#3257,1.);
#3257 = DIRECTION('',(1.,0.));
#3258 = ( GEOMETRIC_REPRESENTATION_CONTEXT(2) 
PARAMETRIC_REPRESENTATION_CONTEXT() REPRESENTATION_CONTEXT('2D SPACE',''
  ) );
#3259 = PCURVE('',#2929,#3260);
#3260 = DEFINITIONAL_REPRESENTATION('',(#3261),#3265);
#3261 = CIRCLE('',#3262,0.5);
#3262 = AXIS2_PLACEMENT_2D('',#3263,#3264);
#3263 = CARTESIAN_POINT('',(-0.82,2.09));
#3264 = DIRECTION('',(0.,-1.));
#3265 = ( GEOMETRIC_REPRESENTATION_CONTEXT(2) 
PARAMETRIC_REPRESENTATION_CONTEXT() REPRESENTATION_CONTEXT('2D SPACE',''
  ) );
#3266 = ORIENTED_EDGE('',*,*,#3196,.F.);
#3267 = ADVANCED_FACE('',(#3268),#2275,.T.);
#3268 = FACE_BOUND('',#3269,.T.);
#3269 = EDGE_LOOP('',(#3270,#3271,#3272,#3293));
#3270 = ORIENTED_EDGE('',*,*,#2258,.F.);
#3271 = ORIENTED_EDGE('',*,*,#3222,.T.);
#3272 = ORIENTED_EDGE('',*,*,#3273,.T.);
#3273 = EDGE_CURVE('',#3223,#2968,#3274,.T.);
#3274 = SURFACE_CURVE('',#3275,(#3279,#3286),.PCURVE_S1.);
#3275 = LINE('',#3276,#3277);
#3276 = CARTESIAN_POINT('',(-1.32,2.59,46.));
#3277 = VECTOR('',#3278,1.);
#3278 = DIRECTION('',(0.,-1.,0.));
#3279 = PCURVE('',#2275,#3280);
#3280 = DEFINITIONAL_REPRESENTATION('',(#3281),#3285);
#3281 = LINE('',#3282,#3283);
#3282 = CARTESIAN_POINT('',(0.,-46.));
#3283 = VECTOR('',#3284,1.);
#3284 = DIRECTION('',(1.,0.));
#3285 = ( GEOMETRIC_REPRESENTATION_CONTEXT(2) 
PARAMETRIC_REPRESENTATION_CONTEXT() REPRESENTATION_CONTEXT('2D SPACE',''
  ) );
#3286 = PCURVE('',#2929,#3287);
#3287 = DEFINITIONAL_REPRESENTATION('',(#3288),#3292);
#3288 = LINE('',#3289,#3290);
#3289 = CARTESIAN_POINT('',(-1.32,2.59));
#3290 = VECTOR('',#3291,1.);
#3291 = DIRECTION('',(0.,-1.));
#3292 = ( GEOMETRIC_REPRESENTATION_CONTEXT(2) 
PARAMETRIC_REPRESENTATION_CONTEXT() REPRESENTATION_CONTEXT('2D SPACE',''
  ) );
#3293 = ORIENTED_EDGE('',*,*,#2967,.F.);
#3294 = ADVANCED_FACE('',(#3295),#2430,.T.);
#3295 = FACE_BOUND('',#3296,.T.);
#3296 = EDGE_LOOP('',(#3297));
#3297 = ORIENTED_EDGE('',*,*,#2413,.T.);
#3298 = ADVANCED_FACE('',(#3299),#2479,.T.);
#3299 = FACE_BOUND('',#3300,.T.);
#3300 = EDGE_LOOP('',(#3301,#3322,#3323,#3324));
#3301 = ORIENTED_EDGE('',*,*,#3302,.F.);
#3302 = EDGE_CURVE('',#2768,#2501,#3303,.T.);
#3303 = SURFACE_CURVE('',#3304,(#3308,#3315),.PCURVE_S1.);
#3304 = LINE('',#3305,#3306);
#3305 = CARTESIAN_POINT('',(-1.75,-3.5,55.));
#3306 = VECTOR('',#3307,1.);
#3307 = DIRECTION('',(1.,0.,0.));
#3308 = PCURVE('',#2479,#3309);
#3309 = DEFINITIONAL_REPRESENTATION('',(#3310),#3314);
#3310 = LINE('',#3311,#3312);
#3311 = CARTESIAN_POINT('',(0.,0.));
#3312 = VECTOR('',#3313,1.);
#3313 = DIRECTION('',(0.4472135955,0.894427191));
#3314 = ( GEOMETRIC_REPRESENTATION_CONTEXT(2) 
PARAMETRIC_REPRESENTATION_CONTEXT() REPRESENTATION_CONTEXT('2D SPACE',''
  ) );
#3315 = PCURVE('',#2646,#3316);
#3316 = DEFINITIONAL_REPRESENTATION('',(#3317),#3321);
#3317 = LINE('',#3318,#3319);
#3318 = CARTESIAN_POINT('',(0.,0.));
#3319 = VECTOR('',#3320,1.);
#3320 = DIRECTION('',(1.,0.));
#3321 = ( GEOMETRIC_REPRESENTATION_CONTEXT(2) 
PARAMETRIC_REPRESENTATION_CONTEXT() REPRESENTATION_CONTEXT('2D SPACE',''
  ) );
#3322 = ORIENTED_EDGE('',*,*,#2767,.F.);
#3323 = ORIENTED_EDGE('',*,*,#2464,.F.);
#3324 = ORIENTED_EDGE('',*,*,#2500,.F.);
#3325 = ADVANCED_FACE('',(#3326),#2540,.T.);
#3326 = FACE_BOUND('',#3327,.T.);
#3327 = EDGE_LOOP('',(#3328,#3329,#3330,#3351));
#3328 = ORIENTED_EDGE('',*,*,#2712,.F.);
#3329 = ORIENTED_EDGE('',*,*,#2743,.F.);
#3330 = ORIENTED_EDGE('',*,*,#3331,.F.);
#3331 = EDGE_CURVE('',#2525,#2744,#3332,.T.);
#3332 = SURFACE_CURVE('',#3333,(#3337,#3344),.PCURVE_S1.);
#3333 = LINE('',#3334,#3335);
#3334 = CARTESIAN_POINT('',(1.75,3.5,55.));
#3335 = VECTOR('',#3336,1.);
#3336 = DIRECTION('',(-1.,0.,0.));
#3337 = PCURVE('',#2540,#3338);
#3338 = DEFINITIONAL_REPRESENTATION('',(#3339),#3343);
#3339 = LINE('',#3340,#3341);
#3340 = CARTESIAN_POINT('',(7.826237921249,0.));
#3341 = VECTOR('',#3342,1.);
#3342 = DIRECTION('',(-0.4472135955,-0.894427191));
#3343 = ( GEOMETRIC_REPRESENTATION_CONTEXT(2) 
PARAMETRIC_REPRESENTATION_CONTEXT() REPRESENTATION_CONTEXT('2D SPACE',''
  ) );
#3344 = PCURVE('',#2567,#3345);
#3345 = DEFINITIONAL_REPRESENTATION('',(#3346),#3350);
#3346 = LINE('',#3347,#3348);
#3347 = CARTESIAN_POINT('',(0.,0.));
#3348 = VECTOR('',#3349,1.);
#3349 = DIRECTION('',(1.,0.));
#3350 = ( GEOMETRIC_REPRESENTATION_CONTEXT(2) 
PARAMETRIC_REPRESENTATION_CONTEXT() REPRESENTATION_CONTEXT('2D SPACE',''
  ) );
#3351 = ORIENTED_EDGE('',*,*,#2524,.F.);
#3352 = ADVANCED_FACE('',(#3353),#2567,.T.);
#3353 = FACE_BOUND('',#3354,.T.);
#3354 = EDGE_LOOP('',(#3355,#3356,#3357,#3379,#3399));
#3355 = ORIENTED_EDGE('',*,*,#3331,.T.);
#3356 = ORIENTED_EDGE('',*,*,#2866,.T.);
#3357 = ORIENTED_EDGE('',*,*,#3358,.F.);
#3358 = EDGE_CURVE('',#3359,#2840,#3361,.T.);
#3359 = VERTEX_POINT('',#3360);
#3360 = CARTESIAN_POINT('',(0.,1.05,250.));
#3361 = SURFACE_CURVE('',#3362,(#3366,#3372),.PCURVE_S1.);
#3362 = LINE('',#3363,#3364);
#3363 = CARTESIAN_POINT('',(1.05,1.05,250.));
#3364 = VECTOR('',#3365,1.);
#3365 = DIRECTION('',(-1.,0.,0.));
#3366 = PCURVE('',#2567,#3367);
#3367 = DEFINITIONAL_REPRESENTATION('',(#3368),#3371);
#3368 = B_SPLINE_CURVE_WITH_KNOTS('',1,(#3369,#3370),.UNSPECIFIED.,.F.,
  .F.,(2,2),(0.,2.1),.PIECEWISE_BEZIER_KNOTS.);
#3369 = CARTESIAN_POINT('',(0.,1.));
#3370 = CARTESIAN_POINT('',(3.5,1.));
#3371 = ( GEOMETRIC_REPRESENTATION_CONTEXT(2) 
PARAMETRIC_REPRESENTATION_CONTEXT() REPRESENTATION_CONTEXT('2D SPACE',''
  ) );
#3372 = PCURVE('',#2854,#3373);
#3373 = DEFINITIONAL_REPRESENTATION('',(#3374),#3378);
#3374 = LINE('',#3375,#3376);
#3375 = CARTESIAN_POINT('',(2.969848480983,0.));
#3376 = VECTOR('',#3377,1.);
#3377 = DIRECTION('',(-0.707106781187,-0.707106781187));
#3378 = ( GEOMETRIC_REPRESENTATION_CONTEXT(2) 
PARAMETRIC_REPRESENTATION_CONTEXT() REPRESENTATION_CONTEXT('2D SPACE',''
  ) );
#3379 = ORIENTED_EDGE('',*,*,#3380,.F.);
#3380 = EDGE_CURVE('',#2553,#3359,#3381,.T.);
#3381 = SURFACE_CURVE('',#3382,(#3386,#3392),.PCURVE_S1.);
#3382 = LINE('',#3383,#3384);
#3383 = CARTESIAN_POINT('',(1.05,1.05,250.));
#3384 = VECTOR('',#3385,1.);
#3385 = DIRECTION('',(-1.,0.,0.));
#3386 = PCURVE('',#2567,#3387);
#3387 = DEFINITIONAL_REPRESENTATION('',(#3388),#3391);
#3388 = B_SPLINE_CURVE_WITH_KNOTS('',1,(#3389,#3390),.UNSPECIFIED.,.F.,
  .F.,(2,2),(0.,2.1),.PIECEWISE_BEZIER_KNOTS.);
#3389 = CARTESIAN_POINT('',(0.,1.));
#3390 = CARTESIAN_POINT('',(3.5,1.));
#3391 = ( GEOMETRIC_REPRESENTATION_CONTEXT(2) 
PARAMETRIC_REPRESENTATION_CONTEXT() REPRESENTATION_CONTEXT('2D SPACE',''
  ) );
#3392 = PCURVE('',#2594,#3393);
#3393 = DEFINITIONAL_REPRESENTATION('',(#3394),#3398);
#3394 = LINE('',#3395,#3396);
#3395 = CARTESIAN_POINT('',(2.969848480983,0.));
#3396 = VECTOR('',#3397,1.);
#3397 = DIRECTION('',(-0.707106781187,-0.707106781187));
#3398 = ( GEOMETRIC_REPRESENTATION_CONTEXT(2) 
PARAMETRIC_REPRESENTATION_CONTEXT() REPRESENTATION_CONTEXT('2D SPACE',''
  ) );
#3399 = ORIENTED_EDGE('',*,*,#2552,.F.);
#3400 = ADVANCED_FACE('',(#3401),#2621,.F.);
#3401 = FACE_BOUND('',#3402,.F.);
#3402 = EDGE_LOOP('',(#3403,#3425,#3456));
#3403 = ORIENTED_EDGE('',*,*,#3404,.F.);
#3404 = EDGE_CURVE('',#3405,#2607,#3407,.T.);
#3405 = VERTEX_POINT('',#3406);
#3406 = CARTESIAN_POINT('',(0.,-1.05,250.));
#3407 = SURFACE_CURVE('',#3408,(#3412,#3419),.PCURVE_S1.);
#3408 = LINE('',#3409,#3410);
#3409 = CARTESIAN_POINT('',(-1.05,-1.05,250.));
#3410 = VECTOR('',#3411,1.);
#3411 = DIRECTION('',(1.,0.,0.));
#3412 = PCURVE('',#2621,#3413);
#3413 = DEFINITIONAL_REPRESENTATION('',(#3414),#3418);
#3414 = LINE('',#3415,#3416);
#3415 = CARTESIAN_POINT('',(0.,0.));
#3416 = VECTOR('',#3417,1.);
#3417 = DIRECTION('',(0.707106781187,0.707106781187));
#3418 = ( GEOMETRIC_REPRESENTATION_CONTEXT(2) 
PARAMETRIC_REPRESENTATION_CONTEXT() REPRESENTATION_CONTEXT('2D SPACE',''
  ) );
#3419 = PCURVE('',#2646,#3420);
#3420 = DEFINITIONAL_REPRESENTATION('',(#3421),#3424);
#3421 = B_SPLINE_CURVE_WITH_KNOTS('',1,(#3422,#3423),.UNSPECIFIED.,.F.,
  .F.,(2,2),(0.,2.1),.PIECEWISE_BEZIER_KNOTS.);
#3422 = CARTESIAN_POINT('',(0.,1.));
#3423 = CARTESIAN_POINT('',(3.5,1.));
#3424 = ( GEOMETRIC_REPRESENTATION_CONTEXT(2) 
PARAMETRIC_REPRESENTATION_CONTEXT() REPRESENTATION_CONTEXT('2D SPACE',''
  ) );
#3425 = ORIENTED_EDGE('',*,*,#3426,.T.);
#3426 = EDGE_CURVE('',#3405,#2580,#3427,.T.);
#3427 = SURFACE_CURVE('',#3428,(#3433,#3444),.PCURVE_S1.);
#3428 = CIRCLE('',#3429,1.05);
#3429 = AXIS2_PLACEMENT_3D('',#3430,#3431,#3432);
#3430 = CARTESIAN_POINT('',(0.,0.,250.));
#3431 = DIRECTION('',(0.,0.,1.));
#3432 = DIRECTION('',(1.,0.,-0.));
#3433 = PCURVE('',#2621,#3434);
#3434 = DEFINITIONAL_REPRESENTATION('',(#3435),#3443);
#3435 = ( BOUNDED_CURVE() B_SPLINE_CURVE(2,(#3436,#3437,#3438,#3439,
#3440,#3441,#3442),.UNSPECIFIED.,.T.,.F.) B_SPLINE_CURVE_WITH_KNOTS((1,2
    ,2,2,2,1),(-2.094395102393,0.,2.094395102393,4.188790204786,
6.28318530718,8.377580409573),.UNSPECIFIED.) CURVE() 
GEOMETRIC_REPRESENTATION_ITEM() RATIONAL_B_SPLINE_CURVE((1.,0.5,1.,0.5,
1.,0.5,1.)) REPRESENTATION_ITEM('') );
#3436 = CARTESIAN_POINT('',(2.227386360738,0.742462120246));
#3437 = CARTESIAN_POINT('',(3.513368475699,-0.543519994715));
#3438 = CARTESIAN_POINT('',(1.756684237849,-1.014222117604));
#3439 = CARTESIAN_POINT('',(4.440892098501E-16,-1.484924240492));
#3440 = CARTESIAN_POINT('',(0.470702122888,0.271759997358));
#3441 = CARTESIAN_POINT('',(0.941404245776,2.028444235207));
#3442 = CARTESIAN_POINT('',(2.227386360738,0.742462120246));
#3443 = ( GEOMETRIC_REPRESENTATION_CONTEXT(2) 
PARAMETRIC_REPRESENTATION_CONTEXT() REPRESENTATION_CONTEXT('2D SPACE',''
  ) );
#3444 = PCURVE('',#3445,#3450);
#3445 = SPHERICAL_SURFACE('',#3446,1.05);
#3446 = AXIS2_PLACEMENT_3D('',#3447,#3448,#3449);
#3447 = CARTESIAN_POINT('',(0.,0.,250.));
#3448 = DIRECTION('',(0.,0.,1.));
#3449 = DIRECTION('',(1.,0.,0.));
#3450 = DEFINITIONAL_REPRESENTATION('',(#3451),#3455);
#3451 = LINE('',#3452,#3453);
#3452 = CARTESIAN_POINT('',(0.,0.));
#3453 = VECTOR('',#3454,1.);
#3454 = DIRECTION('',(1.,0.));
#3455 = ( GEOMETRIC_REPRESENTATION_CONTEXT(2) 
PARAMETRIC_REPRESENTATION_CONTEXT() REPRESENTATION_CONTEXT('2D SPACE',''
  ) );
#3456 = ORIENTED_EDGE('',*,*,#2606,.F.);
#3457 = ADVANCED_FACE('',(#3458),#2594,.F.);
#3458 = FACE_BOUND('',#3459,.F.);
#3459 = EDGE_LOOP('',(#3460,#3461,#3487));
#3460 = ORIENTED_EDGE('',*,*,#2579,.F.);
#3461 = ORIENTED_EDGE('',*,*,#3462,.T.);
#3462 = EDGE_CURVE('',#2580,#3359,#3463,.T.);
#3463 = SURFACE_CURVE('',#3464,(#3469,#3480),.PCURVE_S1.);
#3464 = CIRCLE('',#3465,1.05);
#3465 = AXIS2_PLACEMENT_3D('',#3466,#3467,#3468);
#3466 = CARTESIAN_POINT('',(0.,0.,250.));
#3467 = DIRECTION('',(0.,0.,1.));
#3468 = DIRECTION('',(1.,0.,-0.));
#3469 = PCURVE('',#2594,#3470);
#3470 = DEFINITIONAL_REPRESENTATION('',(#3471),#3479);
#3471 = ( BOUNDED_CURVE() B_SPLINE_CURVE(2,(#3472,#3473,#3474,#3475,
#3476,#3477,#3478),.UNSPECIFIED.,.T.,.F.) B_SPLINE_CURVE_WITH_KNOTS((1,2
    ,2,2,2,1),(-2.094395102393,0.,2.094395102393,4.188790204786,
6.28318530718,8.377580409573),.UNSPECIFIED.) CURVE() 
GEOMETRIC_REPRESENTATION_ITEM() RATIONAL_B_SPLINE_CURVE((1.,0.5,1.,0.5,
1.,0.5,1.)) REPRESENTATION_ITEM('') );
#3472 = CARTESIAN_POINT('',(2.227386360738,0.742462120246));
#3473 = CARTESIAN_POINT('',(3.513368475699,-0.543519994715));
#3474 = CARTESIAN_POINT('',(1.756684237849,-1.014222117604));
#3475 = CARTESIAN_POINT('',(4.440892098501E-16,-1.484924240492));
#3476 = CARTESIAN_POINT('',(0.470702122888,0.271759997358));
#3477 = CARTESIAN_POINT('',(0.941404245776,2.028444235207));
#3478 = CARTESIAN_POINT('',(2.227386360738,0.742462120246));
#3479 = ( GEOMETRIC_REPRESENTATION_CONTEXT(2) 
PARAMETRIC_REPRESENTATION_CONTEXT() REPRESENTATION_CONTEXT('2D SPACE',''
  ) );
#3480 = PCURVE('',#3445,#3481);
#3481 = DEFINITIONAL_REPRESENTATION('',(#3482),#3486);
#3482 = LINE('',#3483,#3484);
#3483 = CARTESIAN_POINT('',(0.,0.));
#3484 = VECTOR('',#3485,1.);
#3485 = DIRECTION('',(1.,0.));
#3486 = ( GEOMETRIC_REPRESENTATION_CONTEXT(2) 
PARAMETRIC_REPRESENTATION_CONTEXT() REPRESENTATION_CONTEXT('2D SPACE',''
  ) );
#3487 = ORIENTED_EDGE('',*,*,#3380,.F.);
#3488 = ADVANCED_FACE('',(#3489),#2646,.T.);
#3489 = FACE_BOUND('',#3490,.T.);
#3490 = EDGE_LOOP('',(#3491,#3492,#3493,#3494,#3514));
#3491 = ORIENTED_EDGE('',*,*,#3302,.T.);
#3492 = ORIENTED_EDGE('',*,*,#2633,.T.);
#3493 = ORIENTED_EDGE('',*,*,#3404,.F.);
#3494 = ORIENTED_EDGE('',*,*,#3495,.F.);
#3495 = EDGE_CURVE('',#2791,#3405,#3496,.T.);
#3496 = SURFACE_CURVE('',#3497,(#3501,#3507),.PCURVE_S1.);
#3497 = LINE('',#3498,#3499);
#3498 = CARTESIAN_POINT('',(-1.05,-1.05,250.));
#3499 = VECTOR('',#3500,1.);
#3500 = DIRECTION('',(1.,0.,0.));
#3501 = PCURVE('',#2646,#3502);
#3502 = DEFINITIONAL_REPRESENTATION('',(#3503),#3506);
#3503 = B_SPLINE_CURVE_WITH_KNOTS('',1,(#3504,#3505),.UNSPECIFIED.,.F.,
  .F.,(2,2),(0.,2.1),.PIECEWISE_BEZIER_KNOTS.);
#3504 = CARTESIAN_POINT('',(0.,1.));
#3505 = CARTESIAN_POINT('',(3.5,1.));
#3506 = ( GEOMETRIC_REPRESENTATION_CONTEXT(2) 
PARAMETRIC_REPRESENTATION_CONTEXT() REPRESENTATION_CONTEXT('2D SPACE',''
  ) );
#3507 = PCURVE('',#2827,#3508);
#3508 = DEFINITIONAL_REPRESENTATION('',(#3509),#3513);
#3509 = LINE('',#3510,#3511);
#3510 = CARTESIAN_POINT('',(0.,0.));
#3511 = VECTOR('',#3512,1.);
#3512 = DIRECTION('',(0.707106781187,0.707106781187));
#3513 = ( GEOMETRIC_REPRESENTATION_CONTEXT(2) 
PARAMETRIC_REPRESENTATION_CONTEXT() REPRESENTATION_CONTEXT('2D SPACE',''
  ) );
#3514 = ORIENTED_EDGE('',*,*,#2790,.F.);
#3515 = ADVANCED_FACE('',(#3516),#2678,.T.);
#3516 = FACE_BOUND('',#3517,.T.);
#3517 = EDGE_LOOP('',(#3518));
#3518 = ORIENTED_EDGE('',*,*,#2661,.T.);
#3519 = ADVANCED_FACE('',(#3520),#2854,.F.);
#3520 = FACE_BOUND('',#3521,.F.);
#3521 = EDGE_LOOP('',(#3522,#3548,#3549));
#3522 = ORIENTED_EDGE('',*,*,#3523,.T.);
#3523 = EDGE_CURVE('',#3359,#2813,#3524,.T.);
#3524 = SURFACE_CURVE('',#3525,(#3530,#3541),.PCURVE_S1.);
#3525 = CIRCLE('',#3526,1.05);
#3526 = AXIS2_PLACEMENT_3D('',#3527,#3528,#3529);
#3527 = CARTESIAN_POINT('',(0.,0.,250.));
#3528 = DIRECTION('',(0.,0.,1.));
#3529 = DIRECTION('',(1.,0.,-0.));
#3530 = PCURVE('',#2854,#3531);
#3531 = DEFINITIONAL_REPRESENTATION('',(#3532),#3540);
#3532 = ( BOUNDED_CURVE() B_SPLINE_CURVE(2,(#3533,#3534,#3535,#3536,
#3537,#3538,#3539),.UNSPECIFIED.,.T.,.F.) B_SPLINE_CURVE_WITH_KNOTS((1,2
    ,2,2,2,1),(-2.094395102393,0.,2.094395102393,4.188790204786,
6.28318530718,8.377580409573),.UNSPECIFIED.) CURVE() 
GEOMETRIC_REPRESENTATION_ITEM() RATIONAL_B_SPLINE_CURVE((1.,0.5,1.,0.5,
1.,0.5,1.)) REPRESENTATION_ITEM('') );
#3533 = CARTESIAN_POINT('',(2.227386360738,0.742462120246));
#3534 = CARTESIAN_POINT('',(3.513368475699,-0.543519994715));
#3535 = CARTESIAN_POINT('',(1.756684237849,-1.014222117604));
#3536 = CARTESIAN_POINT('',(4.440892098501E-16,-1.484924240492));
#3537 = CARTESIAN_POINT('',(0.470702122888,0.271759997358));
#3538 = CARTESIAN_POINT('',(0.941404245776,2.028444235207));
#3539 = CARTESIAN_POINT('',(2.227386360738,0.742462120246));
#3540 = ( GEOMETRIC_REPRESENTATION_CONTEXT(2) 
PARAMETRIC_REPRESENTATION_CONTEXT() REPRESENTATION_CONTEXT('2D SPACE',''
  ) );
#3541 = PCURVE('',#3445,#3542);
#3542 = DEFINITIONAL_REPRESENTATION('',(#3543),#3547);
#3543 = LINE('',#3544,#3545);
#3544 = CARTESIAN_POINT('',(0.,0.));
#3545 = VECTOR('',#3546,1.);
#3546 = DIRECTION('',(1.,0.));
#3547 = ( GEOMETRIC_REPRESENTATION_CONTEXT(2) 
PARAMETRIC_REPRESENTATION_CONTEXT() REPRESENTATION_CONTEXT('2D SPACE',''
  ) );
#3548 = ORIENTED_EDGE('',*,*,#2839,.F.);
#3549 = ORIENTED_EDGE('',*,*,#3358,.F.);
#3550 = ADVANCED_FACE('',(#3551),#2827,.F.);
#3551 = FACE_BOUND('',#3552,.F.);
#3552 = EDGE_LOOP('',(#3553,#3554,#3555));
#3553 = ORIENTED_EDGE('',*,*,#3495,.F.);
#3554 = ORIENTED_EDGE('',*,*,#2812,.F.);
#3555 = ORIENTED_EDGE('',*,*,#3556,.T.);
#3556 = EDGE_CURVE('',#2813,#3405,#3557,.T.);
#3557 = SURFACE_CURVE('',#3558,(#3563,#3574),.PCURVE_S1.);
#3558 = CIRCLE('',#3559,1.05);
#3559 = AXIS2_PLACEMENT_3D('',#3560,#3561,#3562);
#3560 = CARTESIAN_POINT('',(0.,0.,250.));
#3561 = DIRECTION('',(0.,0.,1.));
#3562 = DIRECTION('',(1.,0.,-0.));
#3563 = PCURVE('',#2827,#3564);
#3564 = DEFINITIONAL_REPRESENTATION('',(#3565),#3573);
#3565 = ( BOUNDED_CURVE() B_SPLINE_CURVE(2,(#3566,#3567,#3568,#3569,
#3570,#3571,#3572),.UNSPECIFIED.,.T.,.F.) B_SPLINE_CURVE_WITH_KNOTS((1,2
    ,2,2,2,1),(-2.094395102393,0.,2.094395102393,4.188790204786,
6.28318530718,8.377580409573),.UNSPECIFIED.) CURVE() 
GEOMETRIC_REPRESENTATION_ITEM() RATIONAL_B_SPLINE_CURVE((1.,0.5,1.,0.5,
1.,0.5,1.)) REPRESENTATION_ITEM('') );
#3566 = CARTESIAN_POINT('',(2.227386360738,0.742462120246));
#3567 = CARTESIAN_POINT('',(3.513368475699,-0.543519994715));
#3568 = CARTESIAN_POINT('',(1.756684237849,-1.014222117604));
#3569 = CARTESIAN_POINT('',(4.440892098501E-16,-1.484924240492));
#3570 = CARTESIAN_POINT('',(0.470702122888,0.271759997358));
#3571 = CARTESIAN_POINT('',(0.941404245776,2.028444235207));
#3572 = CARTESIAN_POINT('',(2.227386360738,0.742462120246));
#3573 = ( GEOMETRIC_REPRESENTATION_CONTEXT(2) 
PARAMETRIC_REPRESENTATION_CONTEXT() REPRESENTATION_CONTEXT('2D SPACE',''
  ) );
#3574 = PCURVE('',#3445,#3575);
#3575 = DEFINITIONAL_REPRESENTATION('',(#3576),#3580);
#3576 = LINE('',#3577,#3578);
#3577 = CARTESIAN_POINT('',(0.,0.));
#3578 = VECTOR('',#3579,1.);
#3579 = DIRECTION('',(1.,0.));
#3580 = ( GEOMETRIC_REPRESENTATION_CONTEXT(2) 
PARAMETRIC_REPRESENTATION_CONTEXT() REPRESENTATION_CONTEXT('2D SPACE',''
  ) );
#3581 = ADVANCED_FACE('',(#3582),#2929,.F.);
#3582 = FACE_BOUND('',#3583,.F.);
#3583 = EDGE_LOOP('',(#3584,#3585,#3586,#3587,#3588,#3589,#3590,#3591));
#3584 = ORIENTED_EDGE('',*,*,#2913,.T.);
#3585 = ORIENTED_EDGE('',*,*,#3045,.T.);
#3586 = ORIENTED_EDGE('',*,*,#3073,.T.);
#3587 = ORIENTED_EDGE('',*,*,#3145,.T.);
#3588 = ORIENTED_EDGE('',*,*,#3173,.T.);
#3589 = ORIENTED_EDGE('',*,*,#3245,.T.);
#3590 = ORIENTED_EDGE('',*,*,#3273,.T.);
#3591 = ORIENTED_EDGE('',*,*,#2990,.F.);
#3592 = ADVANCED_FACE('',(#3593),#3445,.T.);
#3593 = FACE_BOUND('',#3594,.T.);
#3594 = EDGE_LOOP('',(#3595,#3619,#3620,#3621,#3622,#3623));
#3595 = ORIENTED_EDGE('',*,*,#3596,.T.);
#3596 = EDGE_CURVE('',#2580,#3597,#3599,.T.);
#3597 = VERTEX_POINT('',#3598);
#3598 = CARTESIAN_POINT('',(6.429395695524E-17,-1.574747771795E-32,
    251.05));
#3599 = SEAM_CURVE('',#3600,(#3605,#3612),.PCURVE_S1.);
#3600 = CIRCLE('',#3601,1.05);
#3601 = AXIS2_PLACEMENT_3D('',#3602,#3603,#3604);
#3602 = CARTESIAN_POINT('',(0.,0.,250.));
#3603 = DIRECTION('',(-2.449293598295E-16,-1.,0.));
#3604 = DIRECTION('',(1.,-2.449293598295E-16,0.));
#3605 = PCURVE('',#3445,#3606);
#3606 = DEFINITIONAL_REPRESENTATION('',(#3607),#3611);
#3607 = LINE('',#3608,#3609);
#3608 = CARTESIAN_POINT('',(6.28318530718,-6.28318530718));
#3609 = VECTOR('',#3610,1.);
#3610 = DIRECTION('',(0.,1.));
#3611 = ( GEOMETRIC_REPRESENTATION_CONTEXT(2) 
PARAMETRIC_REPRESENTATION_CONTEXT() REPRESENTATION_CONTEXT('2D SPACE',''
  ) );
#3612 = PCURVE('',#3445,#3613);
#3613 = DEFINITIONAL_REPRESENTATION('',(#3614),#3618);
#3614 = LINE('',#3615,#3616);
#3615 = CARTESIAN_POINT('',(0.,-6.28318530718));
#3616 = VECTOR('',#3617,1.);
#3617 = DIRECTION('',(0.,1.));
#3618 = ( GEOMETRIC_REPRESENTATION_CONTEXT(2) 
PARAMETRIC_REPRESENTATION_CONTEXT() REPRESENTATION_CONTEXT('2D SPACE',''
  ) );
#3619 = ORIENTED_EDGE('',*,*,#3596,.F.);
#3620 = ORIENTED_EDGE('',*,*,#3462,.T.);
#3621 = ORIENTED_EDGE('',*,*,#3523,.T.);
#3622 = ORIENTED_EDGE('',*,*,#3556,.T.);
#3623 = ORIENTED_EDGE('',*,*,#3426,.T.);
#3624 = ( GEOMETRIC_REPRESENTATION_CONTEXT(3) 
GLOBAL_UNCERTAINTY_ASSIGNED_CONTEXT((#3628)) 
GLOBAL_UNIT_ASSIGNED_CONTEXT((#3625,#3626,#3627)) REPRESENTATION_CONTEXT
('Context #1','3D Context with UNIT and UNCERTAINTY') );
#3625 = ( LENGTH_UNIT() NAMED_UNIT(*) SI_UNIT(.MILLI.,.METRE.) );
#3626 = ( NAMED_UNIT(*) PLANE_ANGLE_UNIT() SI_UNIT($,.RADIAN.) );
#3627 = ( NAMED_UNIT(*) SI_UNIT($,.STERADIAN.) SOLID_ANGLE_UNIT() );
#3628 = UNCERTAINTY_MEASURE_WITH_UNIT(LENGTH_MEASURE(1.E-07),#3625,
  'distance_accuracy_value','confusion accuracy');
#3629 = PRODUCT_RELATED_PRODUCT_CATEGORY('part',$,(#7));
ENDSEC;
END-ISO-10303-21;
